// Generated by tools/img2rgb565.py from geass.png
// 168x168, RGB565. Do not edit by hand.
#pragma once
#include <cstdint>

namespace geass_img {
constexpr int WIDTH  = 168;
constexpr int HEIGHT = 168;
inline constexpr uint16_t DATA[WIDTH * HEIGHT] = {
  0x0000,0x0000,0x0000,0x0000,0x0000,0x0000,0x0000,0x0000,0x0000,0x0000,0x0000,0x0000,
  0x0000,0x0000,0x0000,0x0000,0x0000,0x0000,0x0000,0x0000,0x0000,0x0000,0x0000,0x0000,
  0x0000,0x0000,0x0000,0x0000,0x0000,0x0000,0x0000,0x0000,0x0000,0x0000,0x0000,0x0000,
  0x0000,0x0000,0x0000,0x0000,0x0000,0x0000,0x0000,0x0000,0x0000,0x0000,0x0000,0x0000,
  0x0000,0x0000,0x0000,0x0000,0x0000,0x0000,0x0000,0x0000,0x0000,0x0000,0x0000,0x0000,
  0x0000,0x0000,0x0000,0x0000,0x0000,0x0000,0x0000,0x0000,0x0000,0x0000,0x0000,0x0000,
  0x0000,0x0000,0x0000,0x0000,0x0000,0x0000,0x0000,0x0000,0x0000,0x0000,0x0000,0x0000,
  0x0000,0x0000,0x0000,0x0000,0x0000,0x0000,0x0000,0x0000,0x0000,0x0000,0x0000,0x0000,
  0x0000,0x0000,0x0000,0x0000,0x0000,0x0000,0x0000,0x0000,0x0000,0x0000,0x0000,0x0000,
  0x0000,0x0000,0x0000,0x0000,0x0000,0x0000,0x0000,0x0000,0x0000,0x0000,0x0000,0x0000,
  0x0000,0x0000,0x0000,0x0000,0x0000,0x0000,0x0000,0x0000,0x0000,0x0000,0x0000,0x0000,
  0x0000,0x0000,0x0000,0x0000,0x0000,0x0000,0x0000,0x0000,0x0000,0x0000,0x0000,0x0000,
  0x0000,0x0000,0x0000,0x0000,0x0000,0x0000,0x0000,0x0000,0x0000,0x0000,0x0000,0x0000,
  0x0000,0x0000,0x0000,0x0000,0x0000,0x0000,0x0000,0x0000,0x0000,0x0000,0x0000,0x0000,
  0x0000,0x0000,0x0000,0x0000,0x0000,0x0000,0x0000,0x0000,0x0000,0x0000,0x0000,0x0000,
  0x0000,0x0000,0x0000,0x0000,0x0000,0x0000,0x0000,0x0000,0x0000,0x0000,0x0000,0x0000,
  0x0000,0x0000,0x0000,0x0000,0x0000,0x0000,0x0000,0x0000,0x0000,0x0000,0x0000,0x0000,
  0x0000,0x0000,0x0000,0x0000,0x0000,0x0000,0x0000,0x0000,0x0000,0x0000,0x0000,0x0000,
  0x0000,0x0000,0x0000,0x0000,0x0000,0x0000,0x0000,0x0000,0x0000,0x0000,0x0000,0x0000,
  0x0000,0x0000,0x0000,0x0000,0x0000,0x0000,0x0000,0x0000,0x0000,0x0000,0x0000,0x0000,
  0x0000,0x0000,0x0000,0x0000,0x0000,0x0000,0x0000,0x0000,0x0000,0x0000,0x0000,0x0000,
  0x0000,0x0000,0x0000,0x0000,0x0000,0x0000,0x0000,0x0000,0x0000,0x0000,0x0000,0x0000,
  0x0000,0x0000,0x0000,0x0000,0x0000,0x0000,0x0000,0x0000,0x0000,0x0000,0x0000,0x0000,
  0x0000,0x0000,0x0000,0x0000,0x0000,0x0000,0x0000,0x0000,0x0000,0x0000,0x0000,0x0000,
  0x0000,0x0000,0x0000,0x0000,0x0000,0x0000,0x0000,0x0000,0x0000,0x0000,0x0000,0x0000,
  0x0000,0x0000,0x0000,0x0000,0x0000,0x0000,0x0000,0x0000,0x0000,0x0000,0x0000,0x0000,
  0x0000,0x0000,0x0000,0x0000,0x0000,0x0000,0x0000,0x0000,0x0000,0x0000,0x0000,0x0000,
  0x0000,0x0000,0x0000,0x0000,0x0000,0x0000,0x0000,0x0000,0x0000,0x0000,0x0000,0x0000,
  0x0000,0x0000,0x0000,0x0000,0x0000,0x0000,0x0000,0x0000,0x0000,0x0000,0x0000,0x0000,
  0x0000,0x0000,0x0000,0x0000,0x0000,0x0000,0x0000,0x0000,0x0000,0x0000,0x0000,0x0000,
  0x0000,0x0000,0x0000,0x0000,0x0000,0x0000,0x0000,0x0000,0x0000,0x0000,0x0000,0x0000,
  0x0000,0x0000,0x0000,0x0000,0x0000,0x0000,0x0000,0x0000,0x0000,0x0000,0x0000,0x0000,
  0x0000,0x0000,0x0000,0x0000,0x0000,0x0000,0x0000,0x0000,0x0000,0x0000,0x0000,0x0000,
  0x0000,0x0000,0x0000,0x0000,0x0000,0x0000,0x0000,0x0000,0x0000,0x0000,0x0000,0x0000,
  0x0001,0x0001,0x0802,0x0802,0x0803,0x0803,0x0803,0x0803,0x0803,0x0803,0x0803,0x0803,
  0x0803,0x0803,0x0803,0x0803,0x0803,0x0803,0x0803,0x0803,0x0802,0x0802,0x0002,0x0001,
  0x0000,0x0000,0x0000,0x0000,0x0000,0x0000,0x0000,0x0000,0x0000,0x0000,0x0000,0x0000,
  0x0000,0x0000,0x0000,0x0000,0x0000,0x0000,0x0000,0x0000,0x0000,0x0000,0x0000,0x0000,
  0x0000,0x0000,0x0000,0x0000,0x0000,0x0000,0x0000,0x0000,0x0000,0x0000,0x0000,0x0000,
  0x0000,0x0000,0x0000,0x0000,0x0000,0x0000,0x0000,0x0000,0x0000,0x0000,0x0000,0x0000,
  0x0000,0x0000,0x0000,0x0000,0x0000,0x0000,0x0000,0x0000,0x0000,0x0000,0x0000,0x0000,
  0x0000,0x0000,0x0000,0x0000,0x0000,0x0000,0x0000,0x0000,0x0000,0x0000,0x0000,0x0000,
  0x0000,0x0000,0x0000,0x0000,0x0000,0x0000,0x0000,0x0000,0x0000,0x0000,0x0000,0x0000,
  0x0000,0x0000,0x0000,0x0000,0x0000,0x0000,0x0000,0x0000,0x0000,0x0000,0x0000,0x0000,
  0x0000,0x0000,0x0000,0x0000,0x0000,0x0000,0x0000,0x0000,0x0000,0x0000,0x0000,0x0000,
  0x0000,0x0000,0x0000,0x0000,0x0000,0x0000,0x0000,0x0000,0x0000,0x0000,0x0000,0x0000,
  0x0000,0x0000,0x0000,0x0000,0x0000,0x0000,0x0000,0x0000,0x0000,0x0000,0x0000,0x0000,
  0x0000,0x0000,0x0000,0x0000,0x0000,0x0000,0x0001,0x0002,0x0802,0x0803,0x0803,0x0803,
  0x0803,0x0803,0x0802,0x0802,0x0802,0x0001,0x0001,0x0001,0x0001,0x0001,0x0001,0x0001,
  0x0001,0x0001,0x0001,0x0001,0x0001,0x0001,0x0001,0x0802,0x0802,0x0802,0x0803,0x0803,
  0x0803,0x0803,0x0803,0x0802,0x0002,0x0001,0x0000,0x0000,0x0000,0x0000,0x0000,0x0000,
  0x0000,0x0000,0x0000,0x0000,0x0000,0x0000,0x0000,0x0000,0x0000,0x0000,0x0000,0x0000,
  0x0000,0x0000,0x0000,0x0000,0x0000,0x0000,0x0000,0x0000,0x0000,0x0000,0x0000,0x0000,
  0x0000,0x0000,0x0000,0x0000,0x0000,0x0000,0x0000,0x0000,0x0000,0x0000,0x0000,0x0000,
  0x0000,0x0000,0x0000,0x0000,0x0000,0x0000,0x0000,0x0000,0x0000,0x0000,0x0000,0x0000,
  0x0000,0x0000,0x0000,0x0000,0x0000,0x0000,0x0000,0x0000,0x0000,0x0000,0x0000,0x0000,
  0x0000,0x0000,0x0000,0x0000,0x0000,0x0000,0x0000,0x0000,0x0000,0x0000,0x0000,0x0000,
  0x0000,0x0000,0x0000,0x0000,0x0000,0x0000,0x0000,0x0000,0x0000,0x0000,0x0000,0x0000,
  0x0000,0x0000,0x0000,0x0000,0x0000,0x0000,0x0000,0x0000,0x0000,0x0000,0x0000,0x0000,
  0x0000,0x0000,0x0000,0x0000,0x0000,0x0000,0x0000,0x0000,0x0000,0x0000,0x0000,0x0000,
  0x0000,0x0000,0x0000,0x0000,0x0000,0x0000,0x0000,0x0000,0x0000,0x0000,0x0000,0x0000,
  0x0000,0x0000,0x0001,0x0802,0x0803,0x0803,0x0803,0x0803,0x0802,0x0001,0x0001,0x0001,
  0x0001,0x0001,0x0001,0x0001,0x0001,0x0001,0x0001,0x0001,0x0001,0x0001,0x0001,0x0001,
  0x0001,0x0001,0x0001,0x0001,0x0001,0x0001,0x0001,0x0001,0x0001,0x0001,0x0000,0x0001,
  0x0001,0x0001,0x0002,0x0802,0x0803,0x0803,0x0803,0x0803,0x0802,0x0001,0x0000,0x0000,
  0x0000,0x0000,0x0000,0x0000,0x0000,0x0000,0x0000,0x0000,0x0000,0x0000,0x0000,0x0000,
  0x0000,0x0000,0x0000,0x0000,0x0000,0x0000,0x0000,0x0000,0x0000,0x0000,0x0000,0x0000,
  0x0000,0x0000,0x0000,0x0000,0x0000,0x0000,0x0000,0x0000,0x0000,0x0000,0x0000,0x0000,
  0x0000,0x0000,0x0000,0x0000,0x0000,0x0000,0x0000,0x0000,0x0000,0x0000,0x0000,0x0000,
  0x0000,0x0000,0x0000,0x0000,0x0000,0x0000,0x0000,0x0000,0x0000,0x0000,0x0000,0x0000,
  0x0000,0x0000,0x0000,0x0000,0x0000,0x0000,0x0000,0x0000,0x0000,0x0000,0x0000,0x0000,
  0x0000,0x0000,0x0000,0x0000,0x0000,0x0000,0x0000,0x0000,0x0000,0x0000,0x0000,0x0000,
  0x0000,0x0000,0x0000,0x0000,0x0000,0x0000,0x0000,0x0000,0x0000,0x0000,0x0000,0x0000,
  0x0000,0x0000,0x0000,0x0000,0x0000,0x0000,0x0000,0x0000,0x0000,0x0000,0x0000,0x0000,
  0x0000,0x0000,0x0000,0x0000,0x0000,0x0000,0x0000,0x0000,0x0000,0x0000,0x0000,0x0001,
  0x0802,0x0803,0x0803,0x0802,0x0002,0x0001,0x0001,0x0001,0x0000,0x0001,0x0001,0x0001,
  0x0001,0x0001,0x0001,0x0001,0x0801,0x0001,0x0001,0x0001,0x0001,0x0001,0x0001,0x0001,
  0x0001,0x0802,0x0802,0x0001,0x0001,0x0001,0x0001,0x0001,0x0001,0x0001,0x0001,0x0001,
  0x0001,0x0001,0x0001,0x0001,0x0000,0x0001,0x0001,0x0802,0x0803,0x0803,0x0803,0x0803,
  0x0001,0x0000,0x0000,0x0000,0x0000,0x0000,0x0000,0x0000,0x0000,0x0000,0x0000,0x0000,
  0x0000,0x0000,0x0000,0x0000,0x0000,0x0000,0x0000,0x0000,0x0000,0x0000,0x0000,0x0000,
  0x0000,0x0000,0x0000,0x0000,0x0000,0x0000,0x0000,0x0000,0x0000,0x0000,0x0000,0x0000,
  0x0000,0x0000,0x0000,0x0000,0x0000,0x0000,0x0000,0x0000,0x0000,0x0000,0x0000,0x0000,
  0x0000,0x0000,0x0000,0x0000,0x0000,0x0000,0x0000,0x0000,0x0000,0x0000,0x0000,0x0000,
  0x0000,0x0000,0x0000,0x0000,0x0000,0x0000,0x0000,0x0000,0x0000,0x0000,0x0000,0x0000,
  0x0000,0x0000,0x0000,0x0000,0x0000,0x0000,0x0000,0x0000,0x0000,0x0000,0x0000,0x0000,
  0x0000,0x0000,0x0000,0x0000,0x0000,0x0000,0x0000,0x0000,0x0000,0x0000,0x0000,0x0000,
  0x0000,0x0000,0x0000,0x0000,0x0000,0x0000,0x0000,0x0000,0x0000,0x0000,0x0000,0x0000,
  0x0000,0x0000,0x0000,0x0000,0x0000,0x0000,0x0000,0x0000,0x0001,0x0803,0x0803,0x0803,
  0x0802,0x0001,0x0001,0x0000,0x0001,0x0001,0x0001,0x0001,0x0001,0x0001,0x0001,0x0001,
  0x0002,0x0002,0x0802,0x0802,0x0802,0x0802,0x0802,0x0802,0x0802,0x0802,0x0802,0x0802,
  0x0802,0x0802,0x0802,0x0802,0x0802,0x0802,0x0802,0x0802,0x0802,0x0802,0x0802,0x0802,
  0x0802,0x0801,0x0001,0x0001,0x0001,0x0001,0x0001,0x0001,0x0001,0x0001,0x0001,0x0802,
  0x0803,0x0803,0x0803,0x0001,0x0000,0x0000,0x0000,0x0000,0x0000,0x0000,0x0000,0x0000,
  0x0000,0x0000,0x0000,0x0000,0x0000,0x0000,0x0000,0x0000,0x0000,0x0000,0x0000,0x0000,
  0x0000,0x0000,0x0000,0x0000,0x0000,0x0000,0x0000,0x0000,0x0000,0x0000,0x0000,0x0000,
  0x0000,0x0000,0x0000,0x0000,0x0000,0x0000,0x0000,0x0000,0x0000,0x0000,0x0000,0x0000,
  0x0000,0x0000,0x0000,0x0000,0x0000,0x0000,0x0000,0x0000,0x0000,0x0000,0x0000,0x0000,
  0x0000,0x0000,0x0000,0x0000,0x0000,0x0000,0x0000,0x0000,0x0000,0x0000,0x0000,0x0000,
  0x0000,0x0000,0x0000,0x0000,0x0000,0x0000,0x0000,0x0000,0x0000,0x0000,0x0000,0x0000,
  0x0000,0x0000,0x0000,0x0000,0x0000,0x0000,0x0000,0x0000,0x0000,0x0000,0x0000,0x0000,
  0x0000,0x0000,0x0000,0x0000,0x0000,0x0000,0x0000,0x0000,0x0000,0x0000,0x0000,0x0000,
  0x0000,0x0000,0x0000,0x0000,0x0000,0x0001,0x0802,0x0803,0x0803,0x0802,0x0001,0x0000,
  0x0001,0x0001,0x0001,0x0001,0x0001,0x0001,0x0002,0x0802,0x0802,0x0802,0x0802,0x0802,
  0x0802,0x0802,0x0802,0x0802,0x0802,0x0803,0x0803,0x0803,0x0803,0x0803,0x0803,0x0803,
  0x0803,0x0803,0x0803,0x0802,0x0802,0x0803,0x0802,0x0802,0x0802,0x0802,0x0802,0x0802,
  0x0802,0x0802,0x0802,0x0802,0x0802,0x0802,0x0001,0x0001,0x0001,0x0001,0x0001,0x0001,
  0x0001,0x0001,0x0802,0x0803,0x0803,0x0803,0x0001,0x0000,0x0000,0x0000,0x0000,0x0000,
  0x0000,0x0000,0x0000,0x0000,0x0000,0x0000,0x0000,0x0000,0x0000,0x0000,0x0000,0x0000,
  0x0000,0x0000,0x0000,0x0000,0x0000,0x0000,0x0000,0x0000,0x0000,0x0000,0x0000,0x0000,
  0x0000,0x0000,0x0000,0x0000,0x0000,0x0000,0x0000,0x0000,0x0000,0x0000,0x0000,0x0000,
  0x0000,0x0000,0x0000,0x0000,0x0000,0x0000,0x0000,0x0000,0x0000,0x0000,0x0000,0x0000,
  0x0000,0x0000,0x0000,0x0000,0x0000,0x0000,0x0000,0x0000,0x0000,0x0000,0x0000,0x0000,
  0x0000,0x0000,0x0000,0x0000,0x0000,0x0000,0x0000,0x0000,0x0000,0x0000,0x0000,0x0000,
  0x0000,0x0000,0x0000,0x0000,0x0000,0x0000,0x0000,0x0000,0x0000,0x0000,0x0000,0x0000,
  0x0000,0x0000,0x0000,0x0000,0x0000,0x0000,0x0000,0x0000,0x0000,0x0000,0x0000,0x0000,
  0x0000,0x0000,0x0000,0x0002,0x0803,0x0803,0x0802,0x0001,0x0001,0x0001,0x0001,0x0001,
  0x0001,0x0001,0x0001,0x0002,0x0802,0x0802,0x0802,0x0802,0x0802,0x0802,0x0802,0x0803,
  0x0803,0x0803,0x0803,0x0803,0x0803,0x1003,0x0803,0x0803,0x1003,0x1003,0x1003,0x1003,
  0x0803,0x0803,0x0803,0x0803,0x0803,0x1003,0x0803,0x0803,0x0803,0x0803,0x0803,0x0803,
  0x0803,0x0803,0x0802,0x0802,0x0802,0x0802,0x0802,0x0802,0x0802,0x0002,0x0001,0x0001,
  0x0001,0x0001,0x0001,0x0001,0x0001,0x0802,0x0803,0x0803,0x0802,0x0000,0x0000,0x0000,
  0x0000,0x0000,0x0000,0x0000,0x0000,0x0000,0x0000,0x0000,0x0000,0x0000,0x0000,0x0000,
  0x0000,0x0000,0x0000,0x0000,0x0000,0x0000,0x0000,0x0000,0x0000,0x0000,0x0000,0x0000,
  0x0000,0x0000,0x0000,0x0000,0x0000,0x0000,0x0000,0x0000,0x0000,0x0000,0x0000,0x0000,
  0x0000,0x0000,0x0000,0x0000,0x0000,0x0000,0x0000,0x0000,0x0000,0x0000,0x0000,0x0000,
  0x0000,0x0000,0x0000,0x0000,0x0000,0x0000,0x0000,0x0000,0x0000,0x0000,0x0000,0x0000,
  0x0000,0x0000,0x0000,0x0000,0x0000,0x0000,0x0000,0x0000,0x0000,0x0000,0x0000,0x0000,
  0x0000,0x0000,0x0000,0x0000,0x0000,0x0000,0x0000,0x0000,0x0000,0x0000,0x0000,0x0000,
  0x0000,0x0000,0x0000,0x0000,0x0000,0x0000,0x0000,0x0000,0x0000,0x0000,0x0000,0x0000,
  0x0000,0x0802,0x0803,0x0803,0x0002,0x0001,0x0001,0x0001,0x0001,0x0001,0x0001,0x0802,
  0x0802,0x0802,0x0802,0x0802,0x0802,0x0802,0x0803,0x1003,0x1003,0x0803,0x0803,0x0803,
  0x0803,0x0803,0x1003,0x1004,0x1004,0x1004,0x1004,0x1004,0x1004,0x1004,0x1004,0x1004,
  0x1004,0x1004,0x1004,0x1004,0x1004,0x1004,0x1004,0x1004,0x1004,0x1004,0x1003,0x1003,
  0x0803,0x0803,0x0803,0x0803,0x0803,0x0803,0x0803,0x0802,0x0802,0x0802,0x0802,0x0802,
  0x0802,0x0001,0x0001,0x0001,0x0001,0x0001,0x0001,0x0802,0x0803,0x0804,0x0802,0x0000,
  0x0000,0x0000,0x0000,0x0000,0x0000,0x0000,0x0000,0x0000,0x0000,0x0000,0x0000,0x0000,
  0x0000,0x0000,0x0000,0x0000,0x0000,0x0000,0x0000,0x0000,0x0000,0x0000,0x0000,0x0000,
  0x0000,0x0000,0x0000,0x0000,0x0000,0x0000,0x0000,0x0000,0x0000,0x0000,0x0000,0x0000,
  0x0000,0x0000,0x0000,0x0000,0x0000,0x0000,0x0000,0x0000,0x0000,0x0000,0x0000,0x0000,
  0x0000,0x0000,0x0000,0x0000,0x0000,0x0000,0x0000,0x0000,0x0000,0x0000,0x0000,0x0000,
  0x0000,0x0000,0x0000,0x0000,0x0000,0x0000,0x0000,0x0000,0x0000,0x0000,0x0000,0x0000,
  0x0000,0x0000,0x0000,0x0000,0x0000,0x0000,0x0000,0x0000,0x0000,0x0000,0x0000,0x0000,
  0x0000,0x0000,0x0000,0x0000,0x0000,0x0000,0x0000,0x0000,0x0000,0x0000,0x0000,0x0802,
  0x0803,0x0803,0x0001,0x0001,0x0001,0x0001,0x0001,0x0001,0x0802,0x0802,0x0802,0x0802,
  0x0802,0x0802,0x0803,0x0803,0x0803,0x0803,0x1003,0x1004,0x1004,0x1004,0x1004,0x1004,
  0x1004,0x1004,0x1004,0x1004,0x1004,0x1805,0x1004,0x1004,0x1004,0x1004,0x1004,0x1004,
  0x1004,0x1005,0x1004,0x1004,0x1004,0x1805,0x1004,0x1004,0x1004,0x1004,0x1004,0x1004,
  0x1004,0x1004,0x0804,0x0803,0x1003,0x0803,0x0803,0x0803,0x0803,0x0803,0x0803,0x0802,
  0x0802,0x0802,0x0802,0x0802,0x0001,0x0001,0x0001,0x0001,0x0001,0x0001,0x0803,0x1004,
  0x0802,0x0000,0x0000,0x0000,0x0000,0x0000,0x0000,0x0000,0x0000,0x0000,0x0000,0x0000,
  0x0000,0x0000,0x0000,0x0000,0x0000,0x0000,0x0000,0x0000,0x0000,0x0000,0x0000,0x0000,
  0x0000,0x0000,0x0000,0x0000,0x0000,0x0000,0x0000,0x0000,0x0000,0x0000,0x0000,0x0000,
  0x0000,0x0000,0x0000,0x0000,0x0000,0x0000,0x0000,0x0000,0x0000,0x0000,0x0000,0x0000,
  0x0000,0x0000,0x0000,0x0000,0x0000,0x0000,0x0000,0x0000,0x0000,0x0000,0x0000,0x0000,
  0x0000,0x0000,0x0000,0x0000,0x0000,0x0000,0x0000,0x0000,0x0000,0x0000,0x0000,0x0000,
  0x0000,0x0000,0x0000,0x0000,0x0000,0x0000,0x0000,0x0000,0x0000,0x0000,0x0000,0x0000,
  0x0000,0x0000,0x0000,0x0000,0x0000,0x0000,0x0000,0x0000,0x0000,0x0802,0x0803,0x0803,
  0x0001,0x0001,0x0001,0x0001,0x0001,0x0001,0x0802,0x0802,0x0802,0x0802,0x0802,0x0803,
  0x0803,0x0803,0x0803,0x1003,0x1004,0x1004,0x1004,0x1004,0x1804,0x1805,0x1004,0x1004,
  0x1004,0x1005,0x1805,0x1805,0x1805,0x1805,0x1805,0x1805,0x1805,0x1005,0x1005,0x1805,
  0x1805,0x1805,0x1805,0x1005,0x1805,0x1805,0x1805,0x1805,0x1805,0x1005,0x1005,0x1805,
  0x1004,0x1004,0x1004,0x1004,0x1004,0x1004,0x1004,0x1004,0x0803,0x1003,0x1003,0x0803,
  0x0803,0x0803,0x0802,0x0802,0x0802,0x0802,0x0001,0x0001,0x0001,0x0001,0x0001,0x0001,
  0x0803,0x1004,0x0802,0x0000,0x0000,0x0000,0x0000,0x0000,0x0000,0x0000,0x0000,0x0000,
  0x0000,0x0000,0x0000,0x0000,0x0000,0x0000,0x0000,0x0000,0x0000,0x0000,0x0000,0x0000,
  0x0000,0x0000,0x0000,0x0000,0x0000,0x0000,0x0000,0x0000,0x0000,0x0000,0x0000,0x0000,
  0x0000,0x0000,0x0000,0x0000,0x0000,0x0000,0x0000,0x0000,0x0000,0x0000,0x0000,0x0000,
  0x0000,0x0000,0x0000,0x0000,0x0000,0x0000,0x0000,0x0000,0x0000,0x0000,0x0000,0x0000,
  0x0000,0x0000,0x0000,0x0000,0x0000,0x0000,0x0000,0x0000,0x0000,0x0000,0x0000,0x0000,
  0x0000,0x0000,0x0000,0x0000,0x0000,0x0000,0x0000,0x0000,0x0000,0x0000,0x0000,0x0000,
  0x0000,0x0000,0x0000,0x0000,0x0000,0x0000,0x0000,0x0802,0x0803,0x0803,0x0001,0x0001,
  0x0001,0x0001,0x0001,0x0001,0x0802,0x0802,0x0802,0x0802,0x0802,0x0803,0x0803,0x1003,
  0x1003,0x1004,0x1004,0x1004,0x1004,0x1004,0x1004,0x1805,0x1805,0x1805,0x1805,0x1005,
  0x1805,0x1805,0x1805,0x1805,0x1805,0x2006,0x2006,0x1806,0x1805,0x1805,0x1806,0x2006,
  0x2006,0x2006,0x1806,0x1805,0x1806,0x2006,0x1806,0x1806,0x1805,0x1805,0x1805,0x1805,
  0x1005,0x1005,0x1005,0x1005,0x1005,0x1005,0x1004,0x1004,0x1004,0x1004,0x1004,0x0803,
  0x0803,0x0803,0x0803,0x0803,0x0802,0x0802,0x0802,0x0802,0x0802,0x0001,0x0001,0x0001,
  0x0001,0x0001,0x0803,0x1004,0x0802,0x0000,0x0000,0x0000,0x0000,0x0000,0x0000,0x0000,
  0x0000,0x0000,0x0000,0x0000,0x0000,0x0000,0x0000,0x0000,0x0000,0x0000,0x0000,0x0000,
  0x0000,0x0000,0x0000,0x0000,0x0000,0x0000,0x0000,0x0000,0x0000,0x0000,0x0000,0x0000,
  0x0000,0x0000,0x0000,0x0000,0x0000,0x0000,0x0000,0x0000,0x0000,0x0000,0x0000,0x0000,
  0x0000,0x0000,0x0000,0x0000,0x0000,0x0000,0x0000,0x0000,0x0000,0x0000,0x0000,0x0000,
  0x0000,0x0000,0x0000,0x0000,0x0000,0x0000,0x0000,0x0000,0x0000,0x0000,0x0000,0x0000,
  0x0000,0x0000,0x0000,0x0000,0x0000,0x0000,0x0000,0x0000,0x0000,0x0000,0x0000,0x0000,
  0x0000,0x0000,0x0000,0x0000,0x0000,0x0001,0x0803,0x0803,0x0001,0x0001,0x0001,0x0001,
  0x0001,0x0802,0x0802,0x0802,0x0802,0x0802,0x0803,0x0803,0x0803,0x1003,0x1004,0x1004,
  0x1004,0x1004,0x1004,0x1005,0x1805,0x1805,0x1005,0x1805,0x2006,0x2006,0x2006,0x1805,
  0x1806,0x2006,0x2006,0x2006,0x2006,0x2007,0x2006,0x2006,0x2006,0x1806,0x2006,0x2007,
  0x2807,0x2807,0x2006,0x1806,0x2006,0x2006,0x2006,0x2006,0x1806,0x2006,0x2006,0x2006,
  0x1805,0x1805,0x1805,0x1805,0x1805,0x1805,0x1805,0x1805,0x1805,0x1805,0x1805,0x1004,
  0x1004,0x1004,0x1004,0x1003,0x1003,0x0803,0x0803,0x0802,0x0802,0x0802,0x0802,0x0001,
  0x0001,0x0001,0x0001,0x0801,0x0803,0x0803,0x0001,0x0000,0x0000,0x0000,0x0000,0x0000,
  0x0000,0x0000,0x0000,0x0000,0x0000,0x0000,0x0000,0x0000,0x0000,0x0000,0x0000,0x0000,
  0x0000,0x0000,0x0000,0x0000,0x0000,0x0000,0x0000,0x0000,0x0000,0x0000,0x0000,0x0000,
  0x0000,0x0000,0x0000,0x0000,0x0000,0x0000,0x0000,0x0000,0x0000,0x0000,0x0000,0x0000,
  0x0000,0x0000,0x0000,0x0000,0x0000,0x0000,0x0000,0x0000,0x0000,0x0000,0x0000,0x0000,
  0x0000,0x0000,0x0000,0x0000,0x0000,0x0000,0x0000,0x0000,0x0000,0x0000,0x0000,0x0000,
  0x0000,0x0000,0x0000,0x0000,0x0000,0x0000,0x0000,0x0000,0x0000,0x0000,0x0000,0x0000,
  0x0000,0x0000,0x0000,0x0000,0x0803,0x0803,0x0802,0x0001,0x0001,0x0001,0x0001,0x0802,
  0x0802,0x0802,0x0802,0x0802,0x0803,0x0803,0x1003,0x1004,0x1004,0x1004,0x1804,0x1005,
  0x1805,0x1805,0x1005,0x1805,0x1805,0x1805,0x1805,0x2006,0x2006,0x2006,0x2006,0x2006,
  0x2006,0x2007,0x2807,0x2006,0x2007,0x2807,0x2807,0x2807,0x2007,0x2007,0x2006,0x2807,
  0x2807,0x2807,0x2807,0x2006,0x2006,0x2807,0x2807,0x2007,0x2006,0x1806,0x2007,0x2007,
  0x2006,0x2006,0x1806,0x1806,0x1806,0x2006,0x2006,0x1805,0x1805,0x2006,0x1805,0x1005,
  0x1004,0x1004,0x1004,0x1004,0x1004,0x1003,0x1003,0x0803,0x0803,0x0802,0x0802,0x0802,
  0x0802,0x0001,0x0001,0x0001,0x0001,0x0802,0x1004,0x0803,0x0000,0x0000,0x0000,0x0000,
  0x0000,0x0000,0x0000,0x0000,0x0000,0x0000,0x0000,0x0000,0x0000,0x0000,0x0000,0x0000,
  0x0000,0x0000,0x0000,0x0000,0x0000,0x0000,0x0000,0x0000,0x0000,0x0000,0x0000,0x0000,
  0x0000,0x0000,0x0000,0x0000,0x0000,0x0000,0x0000,0x0000,0x0000,0x0000,0x0000,0x0000,
  0x0000,0x0000,0x0000,0x0000,0x0000,0x0000,0x0000,0x0000,0x0000,0x0000,0x0000,0x0000,
  0x0000,0x0000,0x0000,0x0000,0x0000,0x0000,0x0000,0x0000,0x0000,0x0000,0x0000,0x0000,
  0x0000,0x0000,0x0000,0x0000,0x0000,0x0000,0x0000,0x0000,0x0000,0x0000,0x0000,0x0000,
  0x0000,0x0000,0x0001,0x0803,0x0803,0x0001,0x0001,0x0001,0x0001,0x0001,0x0802,0x0802,
  0x0802,0x0803,0x0803,0x0803,0x1003,0x1004,0x1004,0x1004,0x1004,0x1805,0x1805,0x1805,
  0x1805,0x1805,0x1805,0x1805,0x1806,0x1806,0x1806,0x2006,0x2807,0x2807,0x2807,0x2807,
  0x2807,0x2807,0x3007,0x2807,0x2807,0x3008,0x3008,0x3007,0x2807,0x3008,0x2807,0x2807,
  0x2807,0x3008,0x2807,0x2807,0x3007,0x2807,0x2807,0x2807,0x2807,0x2007,0x2807,0x2807,
  0x2807,0x2007,0x2006,0x2006,0x2006,0x2807,0x2006,0x2006,0x2006,0x2006,0x1805,0x1805,
  0x1805,0x1805,0x1005,0x1005,0x1004,0x1004,0x1004,0x1003,0x0803,0x0803,0x0803,0x0803,
  0x0802,0x0802,0x0802,0x0001,0x0001,0x0001,0x0001,0x0803,0x1004,0x0002,0x0000,0x0000,
  0x0000,0x0000,0x0000,0x0000,0x0000,0x0000,0x0000,0x0000,0x0000,0x0000,0x0000,0x0000,
  0x0000,0x0000,0x0000,0x0000,0x0000,0x0000,0x0000,0x0000,0x0000,0x0000,0x0000,0x0000,
  0x0000,0x0000,0x0000,0x0000,0x0000,0x0000,0x0000,0x0000,0x0000,0x0000,0x0000,0x0000,
  0x0000,0x0000,0x0000,0x0000,0x0000,0x0000,0x0000,0x0000,0x0000,0x0000,0x0000,0x0000,
  0x0000,0x0000,0x0000,0x0000,0x0000,0x0000,0x0000,0x0000,0x0000,0x0000,0x0000,0x0000,
  0x0000,0x0000,0x0000,0x0000,0x0000,0x0000,0x0000,0x0000,0x0000,0x0000,0x0000,0x0000,
  0x0000,0x0803,0x0803,0x0001,0x0001,0x0001,0x0001,0x0801,0x0802,0x0802,0x0802,0x0802,
  0x0803,0x1003,0x1003,0x1004,0x1004,0x1004,0x1004,0x1805,0x1805,0x1805,0x2006,0x2006,
  0x1806,0x1806,0x1806,0x1806,0x1806,0x2006,0x2006,0x2007,0x3008,0x3008,0x3007,0x3008,
  0x3007,0x3008,0x3008,0x3008,0x3007,0x3808,0x3808,0x3008,0x3808,0x3808,0x3808,0x3808,
  0x3008,0x3808,0x3008,0x3007,0x3808,0x3808,0x3007,0x3008,0x2807,0x2807,0x3008,0x3008,
  0x2807,0x2007,0x3007,0x2807,0x2807,0x2807,0x2807,0x2007,0x2807,0x2807,0x2006,0x2006,
  0x2006,0x1805,0x1805,0x1805,0x1805,0x1805,0x1004,0x1004,0x1004,0x1004,0x0803,0x1003,
  0x0803,0x0802,0x0802,0x0802,0x0802,0x0001,0x0001,0x0001,0x0802,0x1004,0x0803,0x0000,
  0x0000,0x0000,0x0000,0x0000,0x0000,0x0000,0x0000,0x0000,0x0000,0x0000,0x0000,0x0000,
  0x0000,0x0000,0x0000,0x0000,0x0000,0x0000,0x0000,0x0000,0x0000,0x0000,0x0000,0x0000,
  0x0000,0x0000,0x0000,0x0000,0x0000,0x0000,0x0000,0x0000,0x0000,0x0000,0x0000,0x0000,
  0x0000,0x0000,0x0000,0x0000,0x0000,0x0000,0x0000,0x0000,0x0000,0x0000,0x0000,0x0000,
  0x0000,0x0000,0x0000,0x0000,0x0000,0x0000,0x0000,0x0000,0x0000,0x0000,0x0000,0x0000,
  0x0000,0x0000,0x0000,0x0000,0x0000,0x0000,0x0000,0x0000,0x0000,0x0000,0x0000,0x0001,
  0x0804,0x0803,0x0001,0x0001,0x0001,0x0001,0x0802,0x0802,0x0802,0x0803,0x0803,0x0803,
  0x1003,0x1004,0x1004,0x1004,0x1004,0x1005,0x1805,0x1805,0x1805,0x2006,0x2006,0x2007,
  0x2007,0x2006,0x2007,0x2007,0x2807,0x2807,0x2807,0x2807,0x3808,0x3808,0x3008,0x3808,
  0x3808,0x3808,0x3808,0x3808,0x3008,0x4009,0x4008,0x3808,0x4009,0x4009,0x3808,0x4009,
  0x4008,0x4008,0x3808,0x3808,0x4008,0x4008,0x3808,0x3808,0x3008,0x3008,0x3808,0x3808,
  0x2807,0x2807,0x3008,0x3008,0x3008,0x3008,0x2807,0x2807,0x3008,0x3007,0x2007,0x2007,
  0x2007,0x2006,0x2006,0x2006,0x2006,0x2006,0x1805,0x1005,0x1004,0x1004,0x1004,0x1004,
  0x0803,0x0803,0x0803,0x0802,0x0802,0x0802,0x0801,0x0001,0x0001,0x0001,0x0803,0x1004,
  0x0001,0x0000,0x0000,0x0000,0x0000,0x0000,0x0000,0x0000,0x0000,0x0000,0x0000,0x0000,
  0x0000,0x0000,0x0000,0x0000,0x0000,0x0000,0x0000,0x0000,0x0000,0x0000,0x0000,0x0000,
  0x0000,0x0000,0x0000,0x0000,0x0000,0x0000,0x0000,0x0000,0x0000,0x0000,0x0000,0x0000,
  0x0000,0x0000,0x0000,0x0000,0x0000,0x0000,0x0000,0x0000,0x0000,0x0000,0x0000,0x0000,
  0x0000,0x0000,0x0000,0x0000,0x0000,0x0000,0x0000,0x0000,0x0000,0x0000,0x0000,0x0000,
  0x0000,0x0000,0x0000,0x0000,0x0000,0x0000,0x0000,0x0000,0x0000,0x0000,0x0802,0x1004,
  0x0802,0x0001,0x0001,0x0001,0x0802,0x0802,0x0802,0x0802,0x0803,0x1003,0x1003,0x1004,
  0x1004,0x1004,0x1005,0x1005,0x1805,0x1805,0x1805,0x1805,0x1806,0x2006,0x2006,0x2807,
  0x3007,0x2807,0x3007,0x3008,0x2807,0x2807,0x3008,0x3808,0x3808,0x4009,0x4009,0x4009,
  0x4009,0x4008,0x4009,0x4009,0x4009,0x4009,0x4009,0x4008,0x4809,0x4809,0x4809,0x4809,
  0x4809,0x4809,0x4008,0x4809,0x4009,0x4008,0x4008,0x4008,0x3808,0x3808,0x4809,0x4009,
  0x3808,0x3008,0x3808,0x3008,0x3808,0x3808,0x3008,0x3008,0x3808,0x3008,0x2807,0x2807,
  0x2807,0x2807,0x2807,0x2007,0x2807,0x2006,0x1806,0x1805,0x1005,0x1005,0x1004,0x1004,
  0x1004,0x1004,0x1003,0x0803,0x0803,0x0802,0x0802,0x0802,0x0801,0x0001,0x0001,0x0802,
  0x1004,0x0802,0x0000,0x0000,0x0000,0x0000,0x0000,0x0000,0x0000,0x0000,0x0000,0x0000,
  0x0000,0x0000,0x0000,0x0000,0x0000,0x0000,0x0000,0x0000,0x0000,0x0000,0x0000,0x0000,
  0x0000,0x0000,0x0000,0x0000,0x0000,0x0000,0x0000,0x0000,0x0000,0x0000,0x0000,0x0000,
  0x0000,0x0000,0x0000,0x0000,0x0000,0x0000,0x0000,0x0000,0x0000,0x0000,0x0000,0x0000,
  0x0000,0x0000,0x0000,0x0000,0x0000,0x0000,0x0000,0x0000,0x0000,0x0000,0x0000,0x0000,
  0x0000,0x0000,0x0000,0x0000,0x0000,0x0000,0x0000,0x0000,0x0000,0x0803,0x0803,0x0001,
  0x0001,0x0001,0x0001,0x0802,0x0802,0x0802,0x0803,0x0803,0x1003,0x1004,0x1004,0x1004,
  0x1805,0x1805,0x1805,0x1805,0x1805,0x1806,0x1806,0x1806,0x1806,0x2006,0x2007,0x2807,
  0x3008,0x3008,0x3008,0x3008,0x2807,0x3008,0x4009,0x4008,0x4009,0x4809,0x4809,0x4809,
  0x4809,0x4809,0x5009,0x5009,0x5009,0x5009,0x5009,0x4809,0x5009,0x5009,0x5009,0x580A,
  0x5009,0x5009,0x4809,0x5009,0x5009,0x4808,0x4809,0x4809,0x4008,0x4008,0x5009,0x4809,
  0x3808,0x4008,0x4009,0x3808,0x4008,0x4009,0x3808,0x4009,0x4009,0x3008,0x2807,0x3008,
  0x3008,0x3008,0x2807,0x2807,0x3008,0x2807,0x2006,0x1806,0x1805,0x1805,0x1805,0x1805,
  0x1805,0x1004,0x1004,0x1004,0x0803,0x0803,0x0803,0x0802,0x0802,0x0802,0x0001,0x0001,
  0x0001,0x1004,0x0803,0x0000,0x0000,0x0000,0x0000,0x0000,0x0000,0x0000,0x0000,0x0000,
  0x0000,0x0000,0x0000,0x0000,0x0000,0x0000,0x0000,0x0000,0x0000,0x0000,0x0000,0x0000,
  0x0000,0x0000,0x0000,0x0000,0x0000,0x0000,0x0000,0x0000,0x0000,0x0000,0x0000,0x0000,
  0x0000,0x0000,0x0000,0x0000,0x0000,0x0000,0x0000,0x0000,0x0000,0x0000,0x0000,0x0000,
  0x0000,0x0000,0x0000,0x0000,0x0000,0x0000,0x0000,0x0000,0x0000,0x0000,0x0000,0x0000,
  0x0000,0x0000,0x0000,0x0000,0x0000,0x0000,0x0000,0x0001,0x0804,0x0803,0x0001,0x0001,
  0x0001,0x0802,0x0802,0x0802,0x0802,0x0803,0x1003,0x1004,0x1004,0x1004,0x1805,0x1805,
  0x1805,0x1805,0x1806,0x1806,0x1806,0x2006,0x1806,0x2006,0x2007,0x2007,0x2807,0x3008,
  0x3809,0x4009,0x3808,0x3008,0x3008,0x3808,0x4809,0x4009,0x4809,0x5009,0x500A,0x500A,
  0x580A,0x5009,0x5809,0x580A,0x580A,0x5809,0x5809,0x5009,0x600A,0x600A,0x5809,0x600A,
  0x600A,0x600A,0x5809,0x5009,0x5009,0x5009,0x600A,0x5009,0x4808,0x5009,0x580A,0x5009,
  0x4008,0x4809,0x4809,0x4009,0x4009,0x4008,0x4009,0x4809,0x4009,0x3008,0x3008,0x3008,
  0x3008,0x3808,0x3008,0x3008,0x3008,0x2807,0x2007,0x2006,0x2006,0x2006,0x2006,0x1806,
  0x1805,0x1805,0x1004,0x1004,0x1004,0x1003,0x0803,0x0803,0x0802,0x0802,0x0802,0x0801,
  0x0001,0x0001,0x0803,0x1004,0x0001,0x0000,0x0000,0x0000,0x0000,0x0000,0x0000,0x0000,
  0x0000,0x0000,0x0000,0x0000,0x0000,0x0000,0x0000,0x0000,0x0000,0x0000,0x0000,0x0000,
  0x0000,0x0000,0x0000,0x0000,0x0000,0x0000,0x0000,0x0000,0x0000,0x0000,0x0000,0x0000,
  0x0000,0x0000,0x0000,0x0000,0x0000,0x0000,0x0000,0x0000,0x0000,0x0000,0x0000,0x0000,
  0x0000,0x0000,0x0000,0x0000,0x0000,0x0000,0x0000,0x0000,0x0000,0x0000,0x0000,0x0000,
  0x0000,0x0000,0x0000,0x0000,0x0000,0x0000,0x0001,0x0804,0x0802,0x0001,0x0001,0x0001,
  0x0802,0x0802,0x0802,0x0803,0x0803,0x0803,0x1004,0x1004,0x1004,0x1805,0x1805,0x1806,
  0x1806,0x2006,0x1806,0x1806,0x2006,0x2007,0x2007,0x2807,0x2807,0x2807,0x3008,0x3008,
  0x3809,0x4009,0x4009,0x4009,0x3808,0x3808,0x4809,0x4809,0x4809,0x5809,0x600A,0x600A,
  0x600A,0x5809,0x600A,0x680A,0x600A,0x600A,0x600A,0x5809,0x680A,0x680A,0x6009,0x680A,
  0x680A,0x6009,0x6009,0x5809,0x6009,0x6009,0x680A,0x680A,0x5809,0x5809,0x600A,0x5809,
  0x5009,0x5009,0x5009,0x5009,0x4809,0x4008,0x4809,0x580A,0x4809,0x3808,0x3808,0x3808,
  0x3809,0x4009,0x3808,0x3809,0x3008,0x2807,0x2807,0x2807,0x2007,0x2006,0x2006,0x1806,
  0x1806,0x1806,0x1805,0x1005,0x1004,0x1004,0x1004,0x0803,0x0803,0x0803,0x0802,0x0802,
  0x0802,0x0001,0x0001,0x0802,0x1004,0x0001,0x0000,0x0000,0x0000,0x0000,0x0000,0x0000,
  0x0000,0x0000,0x0000,0x0000,0x0000,0x0000,0x0000,0x0000,0x0000,0x0000,0x0000,0x0000,
  0x0000,0x0000,0x0000,0x0000,0x0000,0x0000,0x0000,0x0000,0x0000,0x0000,0x0000,0x0000,
  0x0000,0x0000,0x0000,0x0000,0x0000,0x0000,0x0000,0x0000,0x0000,0x0000,0x0000,0x0000,
  0x0000,0x0000,0x0000,0x0000,0x0000,0x0000,0x0000,0x0000,0x0000,0x0000,0x0000,0x0000,
  0x0000,0x0000,0x0000,0x0000,0x0000,0x0802,0x1004,0x0001,0x0001,0x0001,0x0001,0x0802,
  0x0802,0x0802,0x0803,0x0803,0x0803,0x1004,0x1004,0x1805,0x1805,0x1805,0x1805,0x2006,
  0x2006,0x2007,0x2007,0x2007,0x2807,0x2807,0x2807,0x3008,0x3808,0x3808,0x3808,0x3808,
  0x4008,0x4809,0x5009,0x4809,0x4809,0x4808,0x4809,0x5009,0x5009,0x600A,0x680A,0x680A,
  0x680A,0x680A,0x680A,0x700A,0x700A,0x680A,0x680A,0x6809,0x700A,0x700A,0x7009,0x780A,
  0x700A,0x6009,0x6809,0x6009,0x6809,0x700A,0x700A,0x700A,0x6009,0x6009,0x680A,0x6009,
  0x5809,0x680A,0x680A,0x600A,0x5809,0x5809,0x580A,0x580A,0x4008,0x4008,0x4009,0x4809,
  0x4009,0x4009,0x4009,0x4009,0x3008,0x2808,0x2808,0x2808,0x2807,0x2007,0x2006,0x2006,
  0x2807,0x2006,0x1806,0x1805,0x1805,0x1004,0x1004,0x1004,0x1004,0x1003,0x0803,0x0803,
  0x0802,0x0802,0x0001,0x0001,0x0802,0x1004,0x0802,0x0000,0x0000,0x0000,0x0000,0x0000,
  0x0000,0x0000,0x0000,0x0000,0x0000,0x0000,0x0000,0x0000,0x0000,0x0000,0x0000,0x0000,
  0x0000,0x0000,0x0000,0x0000,0x0000,0x0000,0x0000,0x0000,0x0000,0x0000,0x0000,0x0000,
  0x0000,0x0000,0x0000,0x0000,0x0000,0x0000,0x0000,0x0000,0x0000,0x0000,0x0000,0x0000,
  0x0000,0x0000,0x0000,0x0000,0x0000,0x0000,0x0000,0x0000,0x0000,0x0000,0x0000,0x0000,
  0x0000,0x0000,0x0000,0x0000,0x0802,0x1004,0x0001,0x0001,0x0001,0x0801,0x0802,0x0802,
  0x0802,0x0803,0x1003,0x1004,0x1004,0x1004,0x1005,0x1805,0x2006,0x1806,0x1806,0x2006,
  0x2007,0x2007,0x2807,0x2807,0x2807,0x2808,0x3008,0x3808,0x3809,0x4009,0x4009,0x4809,
  0x5009,0x500A,0x580A,0x580A,0x580A,0x5809,0x5009,0x6009,0x5809,0x6009,0x700A,0x700A,
  0x700A,0x700A,0x700A,0x800A,0x780A,0x700A,0x700A,0x7009,0x800A,0x800A,0x780A,0x800A,
  0x780A,0x6809,0x6809,0x6809,0x7009,0x7009,0x780A,0x7009,0x6809,0x7009,0x700A,0x6009,
  0x6009,0x680A,0x6809,0x680A,0x5809,0x5809,0x680A,0x5809,0x5009,0x4809,0x5009,0x5009,
  0x4809,0x4008,0x4809,0x4009,0x3008,0x3008,0x3008,0x3008,0x3008,0x3008,0x2007,0x2807,
  0x2807,0x2006,0x1806,0x1806,0x1805,0x1005,0x1805,0x1805,0x1004,0x1004,0x1004,0x1003,
  0x0803,0x0802,0x0802,0x0001,0x0001,0x0001,0x1004,0x0802,0x0000,0x0000,0x0000,0x0000,
  0x0000,0x0000,0x0000,0x0000,0x0000,0x0000,0x0000,0x0000,0x0000,0x0000,0x0000,0x0000,
  0x0000,0x0000,0x0000,0x0000,0x0000,0x0000,0x0000,0x0000,0x0000,0x0000,0x0000,0x0000,
  0x0000,0x0000,0x0000,0x0000,0x0000,0x0000,0x0000,0x0000,0x0000,0x0000,0x0000,0x0000,
  0x0000,0x0000,0x0000,0x0000,0x0000,0x0000,0x0000,0x0000,0x0000,0x0000,0x0000,0x0000,
  0x0000,0x0000,0x0000,0x0802,0x1004,0x0001,0x0001,0x0801,0x0802,0x0802,0x0802,0x0803,
  0x0803,0x1003,0x1004,0x1004,0x1805,0x1805,0x1805,0x1805,0x2006,0x2007,0x2007,0x2007,
  0x2807,0x2807,0x2807,0x3008,0x3008,0x3808,0x3808,0x4009,0x4009,0x4809,0x4809,0x5009,
  0x580A,0x580A,0x600A,0x600A,0x600A,0x5809,0x5809,0x6809,0x6809,0x6809,0x780A,0x780A,
  0x780A,0x780A,0x780A,0x880A,0x800A,0x800A,0x800A,0x7809,0x880A,0x880A,0x800A,0x880A,
  0x7809,0x7809,0x8009,0x7809,0x7809,0x7809,0x7809,0x7009,0x7009,0x780A,0x780A,0x6809,
  0x7009,0x7009,0x6809,0x7009,0x6009,0x6809,0x700A,0x5809,0x5809,0x5809,0x5809,0x5809,
  0x5009,0x5009,0x580A,0x4809,0x4008,0x3808,0x3809,0x4009,0x3809,0x3008,0x2808,0x3008,
  0x2807,0x2007,0x2007,0x2006,0x1806,0x1805,0x1805,0x1805,0x1005,0x1805,0x1804,0x1004,
  0x0803,0x0803,0x0802,0x0802,0x0001,0x0001,0x0001,0x1004,0x0802,0x0000,0x0000,0x0000,
  0x0000,0x0000,0x0000,0x0000,0x0000,0x0000,0x0000,0x0000,0x0000,0x0000,0x0000,0x0000,
  0x0000,0x0000,0x0000,0x0000,0x0000,0x0000,0x0000,0x0000,0x0000,0x0000,0x0000,0x0000,
  0x0000,0x0000,0x0000,0x0000,0x0000,0x0000,0x0000,0x0000,0x0000,0x0000,0x0000,0x0000,
  0x0000,0x0000,0x0000,0x0000,0x0000,0x0000,0x0000,0x0000,0x0000,0x0000,0x0000,0x0000,
  0x0000,0x0000,0x0803,0x1004,0x0001,0x0001,0x0001,0x0802,0x0802,0x0802,0x0803,0x0803,
  0x1003,0x1004,0x1004,0x1805,0x1805,0x1806,0x1806,0x1806,0x2006,0x2807,0x3008,0x2807,
  0x2807,0x3008,0x3008,0x4009,0x4009,0x4009,0x4009,0x4809,0x5009,0x5009,0x5809,0x580A,
  0x600A,0x600A,0x6009,0x680A,0x700A,0x6809,0x6009,0x7009,0x7009,0x7009,0x800A,0x880A,
  0x7809,0x800A,0x880A,0x900A,0x880A,0x880A,0x880A,0x880A,0x900A,0x900A,0x880A,0x900A,
  0x8009,0x8009,0x900A,0x880A,0x8009,0x8009,0x8809,0x7809,0x7809,0x880A,0x7809,0x7009,
  0x7809,0x7809,0x7809,0x780A,0x7009,0x780A,0x780A,0x6809,0x6009,0x6009,0x6009,0x600A,
  0x5809,0x680A,0x600A,0x5009,0x4809,0x4809,0x4009,0x4009,0x4009,0x3808,0x3809,0x3808,
  0x2808,0x3008,0x3008,0x2807,0x2006,0x1806,0x1806,0x1806,0x2006,0x1805,0x1805,0x1004,
  0x1003,0x0803,0x0803,0x0802,0x0802,0x0001,0x0001,0x0001,0x1004,0x0803,0x0000,0x0000,
  0x0000,0x0000,0x0000,0x0000,0x0000,0x0000,0x0000,0x0000,0x0000,0x0000,0x0000,0x0000,
  0x0000,0x0000,0x0000,0x0000,0x0000,0x0000,0x0000,0x0000,0x0000,0x0000,0x0000,0x0000,
  0x0000,0x0000,0x0000,0x0000,0x0000,0x0000,0x0000,0x0000,0x0000,0x0000,0x0000,0x0000,
  0x0000,0x0000,0x0000,0x0000,0x0000,0x0000,0x0000,0x0000,0x0000,0x0000,0x0000,0x0000,
  0x0000,0x0803,0x1004,0x0001,0x0001,0x0001,0x0802,0x0802,0x0802,0x1003,0x1003,0x0803,
  0x1004,0x1004,0x1805,0x1805,0x1806,0x2006,0x2007,0x2007,0x2007,0x2808,0x3808,0x3008,
  0x2808,0x3808,0x3808,0x4009,0x4809,0x4009,0x4009,0x580A,0x580A,0x5809,0x600A,0x600A,
  0x680A,0x6809,0x6009,0x700A,0x780A,0x800A,0x7009,0x7009,0x8009,0x7809,0x800A,0x900A,
  0x8009,0x8009,0x8009,0x900A,0x900A,0x900A,0x900A,0x980A,0x980A,0x980A,0x9009,0x8809,
  0x8809,0x8809,0x8809,0x8809,0x8809,0x8809,0x8809,0x8009,0x8809,0x900A,0x8809,0x7809,
  0x8809,0x8009,0x800A,0x8009,0x7009,0x800A,0x800A,0x780A,0x780A,0x700A,0x680A,0x680A,
  0x680A,0x680A,0x6009,0x5009,0x580A,0x600A,0x4809,0x4009,0x4009,0x4809,0x500A,0x3808,
  0x3008,0x3808,0x3008,0x3008,0x2807,0x2007,0x2007,0x2007,0x2006,0x2006,0x1805,0x1004,
  0x1004,0x1004,0x0803,0x0803,0x0802,0x0802,0x0801,0x0001,0x0001,0x1004,0x0803,0x0000,
  0x0000,0x0000,0x0000,0x0000,0x0000,0x0000,0x0000,0x0000,0x0000,0x0000,0x0000,0x0000,
  0x0000,0x0000,0x0000,0x0000,0x0000,0x0000,0x0000,0x0000,0x0000,0x0000,0x0000,0x0000,
  0x0000,0x0000,0x0000,0x0000,0x0000,0x0000,0x0000,0x0000,0x0000,0x0000,0x0000,0x0000,
  0x0000,0x0000,0x0000,0x0000,0x0000,0x0000,0x0000,0x0000,0x0000,0x0000,0x0000,0x0000,
  0x0802,0x1004,0x0001,0x0001,0x0001,0x0802,0x0802,0x0802,0x0803,0x1003,0x1004,0x1004,
  0x1005,0x1805,0x1805,0x1806,0x2006,0x2007,0x2807,0x2807,0x2007,0x3008,0x3808,0x3809,
  0x3008,0x3808,0x4009,0x4009,0x4809,0x4809,0x4809,0x600A,0x680A,0x600A,0x680A,0x680A,
  0x6809,0x700A,0x7009,0x7009,0x780A,0x880B,0x800A,0x7809,0x8009,0x8809,0x880A,0x980A,
  0x900A,0x8009,0x8009,0x900A,0x980A,0x9009,0x9009,0x980A,0xA80B,0x980A,0x8808,0x9009,
  0x9009,0x8808,0x8809,0x9009,0x8809,0x9009,0x9009,0x9009,0xA00A,0x980A,0x9009,0x8009,
  0x900A,0x8809,0x880A,0x8009,0x8009,0x880A,0x7809,0x7809,0x880A,0x800A,0x780A,0x800B,
  0x780A,0x700A,0x6009,0x5809,0x600A,0x600A,0x5009,0x4809,0x4809,0x580A,0x500A,0x3809,
  0x3808,0x3808,0x3008,0x2808,0x2808,0x2807,0x2808,0x2807,0x2807,0x2006,0x1806,0x1805,
  0x1004,0x1004,0x1004,0x0803,0x0803,0x0802,0x0802,0x0802,0x0001,0x0001,0x1004,0x0803,
  0x0000,0x0000,0x0000,0x0000,0x0000,0x0000,0x0000,0x0000,0x0000,0x0000,0x0000,0x0000,
  0x0000,0x0000,0x0000,0x0000,0x0000,0x0000,0x0000,0x0000,0x0000,0x0000,0x0000,0x0000,
  0x0000,0x0000,0x0000,0x0000,0x0000,0x0000,0x0000,0x0000,0x0000,0x0000,0x0000,0x0000,
  0x0000,0x0000,0x0000,0x0000,0x0000,0x0000,0x0000,0x0000,0x0000,0x0000,0x0000,0x0802,
  0x1004,0x0001,0x0001,0x0001,0x0802,0x0802,0x0802,0x0803,0x0803,0x1004,0x1004,0x1805,
  0x1805,0x1806,0x2006,0x2006,0x2007,0x2807,0x2808,0x3008,0x2807,0x3008,0x3809,0x4009,
  0x3809,0x3808,0x4809,0x5009,0x4809,0x5009,0x5809,0x680A,0x700B,0x780B,0x700A,0x6809,
  0x6809,0x780A,0x7809,0x8009,0x880A,0x900A,0x900A,0x880A,0x900A,0x9009,0x9009,0x980A,
  0x980A,0x8809,0x8808,0x9809,0xA00A,0x9809,0x9809,0x980A,0xA00A,0x9009,0x8808,0xA00A,
  0x9009,0x8808,0x8808,0x9009,0x9009,0x9009,0x980A,0x980A,0xA00A,0xA00A,0x9009,0x8809,
  0x9009,0x9009,0x900A,0x8009,0x8809,0x900A,0x8009,0x8009,0x880A,0x800A,0x880B,0x880B,
  0x880B,0x780A,0x6809,0x6809,0x680A,0x6009,0x5809,0x600A,0x580A,0x600A,0x500A,0x4009,
  0x4009,0x3808,0x3008,0x3008,0x3008,0x3008,0x3008,0x3008,0x2807,0x2807,0x2006,0x1805,
  0x1005,0x1004,0x1004,0x1004,0x1003,0x1003,0x0802,0x0802,0x0802,0x0001,0x0001,0x1004,
  0x0802,0x0000,0x0000,0x0000,0x0000,0x0000,0x0000,0x0000,0x0000,0x0000,0x0000,0x0000,
  0x0000,0x0000,0x0000,0x0000,0x0000,0x0000,0x0000,0x0000,0x0000,0x0000,0x0000,0x0000,
  0x0000,0x0000,0x0000,0x0000,0x0000,0x0000,0x0000,0x0000,0x0000,0x0000,0x0000,0x0000,
  0x0000,0x0000,0x0000,0x0000,0x0000,0x0000,0x0000,0x0000,0x0000,0x0000,0x0802,0x1004,
  0x0001,0x0001,0x0001,0x0802,0x0802,0x0803,0x0803,0x1004,0x1004,0x1004,0x1805,0x1806,
  0x2006,0x2006,0x2807,0x2007,0x2807,0x2808,0x3008,0x3008,0x3008,0x3008,0x3808,0x4809,
  0x500A,0x4809,0x4809,0x580A,0x5809,0x5809,0x680A,0x700A,0x780A,0x800B,0x780A,0x7009,
  0x7009,0x8009,0x880A,0x900A,0x980A,0x980A,0x980A,0x980A,0x980A,0x980A,0x9809,0x980A,
  0xA00A,0x9809,0x9009,0x9009,0xA00A,0x9809,0x9809,0x9809,0xA00A,0x9809,0x9008,0x9809,
  0x9009,0x9008,0x9009,0x9809,0x9008,0x9809,0xA00A,0xA009,0xA80A,0xA00A,0x9009,0x9009,
  0x9009,0x9809,0xA00A,0x9809,0x980A,0x9009,0x8809,0x8809,0x880A,0x980B,0x980B,0x900B,
  0x900B,0x800A,0x7009,0x780A,0x780B,0x6009,0x680A,0x680A,0x700B,0x600A,0x4809,0x5009,
  0x4809,0x3809,0x3809,0x4009,0x3809,0x3809,0x3809,0x3008,0x3008,0x2807,0x2007,0x1806,
  0x1805,0x1805,0x1005,0x1004,0x1004,0x1003,0x0803,0x0803,0x0802,0x0001,0x0001,0x0001,
  0x1004,0x0802,0x0000,0x0000,0x0000,0x0000,0x0000,0x0000,0x0000,0x0000,0x0000,0x0000,
  0x0000,0x0000,0x0000,0x0000,0x0000,0x0000,0x0000,0x0000,0x0000,0x0000,0x0000,0x0000,
  0x0000,0x0000,0x0000,0x0000,0x0000,0x0000,0x0000,0x0000,0x0000,0x0000,0x0000,0x0000,
  0x0000,0x0000,0x0000,0x0000,0x0000,0x0000,0x0000,0x0000,0x0000,0x0001,0x1004,0x0001,
  0x0001,0x0001,0x0802,0x0802,0x0803,0x0803,0x1004,0x1004,0x1805,0x1805,0x1805,0x1806,
  0x2006,0x2807,0x2808,0x3008,0x2808,0x2808,0x3008,0x3008,0x3809,0x3809,0x3808,0x4009,
  0x580A,0x600A,0x5809,0x5809,0x680A,0x6009,0x6809,0x7009,0x7009,0x800A,0x880A,0x8009,
  0x7809,0x8009,0x900A,0x8809,0x9009,0x980A,0xA00A,0x980A,0x980A,0xA00A,0x9809,0xA00A,
  0xA00A,0xA009,0x9809,0x9008,0xA00A,0x9809,0x9809,0xA009,0xA80A,0x9809,0x9008,0x9809,
  0x9009,0x9809,0xA00A,0xA80A,0x9008,0xA009,0xA00A,0xA00A,0xA80A,0xA00A,0x9809,0xA00A,
  0x9809,0x9809,0xA00A,0xA00A,0xA00A,0x9009,0x8809,0x9009,0x980A,0xA00B,0x980B,0x980B,
  0x980B,0x880A,0x800A,0x880B,0x800A,0x6809,0x6809,0x780B,0x780B,0x6009,0x5809,0x5009,
  0x4809,0x4009,0x4809,0x480A,0x4009,0x4009,0x4009,0x3008,0x3008,0x3008,0x2807,0x2007,
  0x1806,0x1806,0x1805,0x1005,0x1004,0x1004,0x1004,0x0803,0x0802,0x0802,0x0001,0x0001,
  0x0001,0x1004,0x0001,0x0000,0x0000,0x0000,0x0000,0x0000,0x0000,0x0000,0x0000,0x0000,
  0x0000,0x0000,0x0000,0x0000,0x0000,0x0000,0x0000,0x0000,0x0000,0x0000,0x0000,0x0000,
  0x0000,0x0000,0x0000,0x0000,0x0000,0x0000,0x0000,0x0000,0x0000,0x0000,0x0000,0x0000,
  0x0000,0x0000,0x0000,0x0000,0x0000,0x0000,0x0000,0x0000,0x0001,0x1004,0x0802,0x0001,
  0x0801,0x0802,0x0802,0x0803,0x0803,0x1003,0x1004,0x1805,0x1805,0x1806,0x1806,0x1806,
  0x2006,0x2807,0x3008,0x3008,0x3809,0x3008,0x3008,0x3808,0x3809,0x4009,0x4809,0x5009,
  0x580A,0x680A,0x600A,0x6009,0x700A,0x700A,0x780A,0x800A,0x800A,0x800A,0x900A,0x880A,
  0x8009,0x8809,0x9009,0x9809,0x9809,0x980A,0xA00A,0xA00A,0x9809,0x9809,0xA009,0x9809,
  0xA00A,0x9809,0x9009,0x9008,0xA00A,0x9809,0xA009,0xA80A,0xA80A,0xA009,0x9008,0x9809,
  0x9009,0x9809,0xA80A,0xA00A,0x9009,0x9809,0xA009,0xA00A,0xA80A,0xA80A,0xA80A,0xA80A,
  0x9809,0x9809,0x9809,0xA00A,0xA00A,0x9009,0x9009,0x9809,0xA00A,0xA80B,0x980A,0xA00B,
  0x980A,0x900A,0x880A,0x880A,0x7809,0x7009,0x780A,0x800B,0x700A,0x6009,0x600A,0x5809,
  0x5009,0x5009,0x5009,0x4809,0x500A,0x500A,0x4009,0x3809,0x3809,0x3008,0x2808,0x2807,
  0x1806,0x2006,0x2006,0x1805,0x1005,0x1805,0x1004,0x0803,0x0803,0x0802,0x0802,0x0801,
  0x0001,0x0802,0x1004,0x0001,0x0000,0x0000,0x0000,0x0000,0x0000,0x0000,0x0000,0x0000,
  0x0000,0x0000,0x0000,0x0000,0x0000,0x0000,0x0000,0x0000,0x0000,0x0000,0x0000,0x0000,
  0x0000,0x0000,0x0000,0x0000,0x0000,0x0000,0x0000,0x0000,0x0000,0x0000,0x0000,0x0000,
  0x0000,0x0000,0x0000,0x0000,0x0000,0x0000,0x0000,0x0000,0x1004,0x0802,0x0001,0x0001,
  0x0802,0x0802,0x0803,0x0803,0x0803,0x1004,0x1004,0x1005,0x1805,0x2006,0x1806,0x1806,
  0x2007,0x2807,0x2808,0x3008,0x3809,0x4009,0x4009,0x4809,0x4809,0x500A,0x5009,0x580A,
  0x580A,0x680A,0x680A,0x6809,0x700A,0x800A,0x880A,0x880A,0x8009,0x8009,0x900A,0x900A,
  0x8809,0x8809,0x9009,0xA00A,0xA00A,0xA00A,0xA80A,0xA80A,0x9809,0x9009,0xA00A,0x9809,
  0xA00A,0x9809,0x9008,0x9008,0xA009,0xA009,0x9809,0xA00A,0xA80A,0xA00A,0x8808,0x9809,
  0x9009,0x9009,0xA00A,0x9809,0x9009,0x9809,0x8808,0xA00A,0xB00B,0xA80A,0xA80A,0xA80A,
  0x9809,0x9809,0xA009,0xA80A,0xA00A,0x9008,0x9009,0x9809,0xA80A,0xA80A,0xA00A,0xA00A,
  0x980A,0x980A,0x900A,0x8009,0x8009,0x880A,0x900B,0x880B,0x780A,0x700A,0x6809,0x6009,
  0x5809,0x600A,0x580A,0x600A,0x600B,0x500A,0x4809,0x4009,0x3809,0x3008,0x3008,0x2807,
  0x2007,0x2807,0x2006,0x1806,0x2006,0x2005,0x1004,0x1004,0x0803,0x0803,0x0802,0x0802,
  0x0001,0x0001,0x0802,0x1004,0x0000,0x0000,0x0000,0x0000,0x0000,0x0000,0x0000,0x0000,
  0x0000,0x0000,0x0000,0x0000,0x0000,0x0000,0x0000,0x0000,0x0000,0x0000,0x0000,0x0000,
  0x0000,0x0000,0x0000,0x0000,0x0000,0x0000,0x0000,0x0000,0x0000,0x0000,0x0000,0x0000,
  0x0000,0x0000,0x0000,0x0000,0x0000,0x0000,0x0000,0x0803,0x0803,0x0001,0x0001,0x0802,
  0x0802,0x0803,0x1003,0x1004,0x1004,0x1004,0x1005,0x1805,0x1806,0x2006,0x2007,0x2007,
  0x2807,0x2808,0x3008,0x3809,0x4009,0x480A,0x500A,0x500A,0x580A,0x580A,0x580A,0x680A,
  0x680A,0x700A,0x800B,0x780A,0x7009,0x800A,0x880A,0x8009,0x8009,0x8809,0x980A,0x980A,
  0x9009,0x8808,0x9008,0xA80A,0xA00A,0xA00A,0xA80A,0xB00A,0xA00A,0x9008,0x9809,0xA80A,
  0xA80A,0xA00A,0x9009,0x9009,0x9809,0x980A,0x980A,0x980A,0xA00A,0xA00A,0x8809,0x980A,
  0x9009,0x9009,0x980A,0x8809,0x9009,0x9809,0x8809,0xA80B,0xA80B,0xA00A,0xA80B,0xA80A,
  0x9809,0xA00A,0xA00A,0xA80A,0x9809,0x9008,0xA00A,0xA00A,0xA80A,0xA00A,0xA00A,0xA00A,
  0xA00A,0xA00A,0x980A,0x8809,0x900A,0x980B,0x980B,0x900B,0x880A,0x800A,0x6809,0x6809,
  0x680A,0x680A,0x680B,0x680B,0x600A,0x500A,0x500A,0x4809,0x4009,0x3809,0x3008,0x2808,
  0x2807,0x2007,0x2006,0x2006,0x2006,0x2006,0x1005,0x1004,0x1004,0x0803,0x0803,0x0802,
  0x0802,0x0001,0x0001,0x0803,0x0803,0x0000,0x0000,0x0000,0x0000,0x0000,0x0000,0x0000,
  0x0000,0x0000,0x0000,0x0000,0x0000,0x0000,0x0000,0x0000,0x0000,0x0000,0x0000,0x0000,
  0x0000,0x0000,0x0000,0x0000,0x0000,0x0000,0x0000,0x0000,0x0000,0x0000,0x0000,0x0000,
  0x0000,0x0000,0x0000,0x0000,0x0000,0x0000,0x0802,0x1004,0x0001,0x0001,0x0802,0x0802,
  0x0802,0x0803,0x0803,0x1004,0x1805,0x1805,0x1805,0x2006,0x2007,0x2007,0x2807,0x2808,
  0x2808,0x2808,0x3809,0x480A,0x480A,0x480A,0x500A,0x600B,0x600A,0x580A,0x6009,0x780B,
  0x780A,0x780A,0x800B,0x880B,0x7809,0x8009,0x900A,0x900A,0x8809,0x980A,0x980A,0xA00A,
  0x9809,0x9008,0x9008,0xA00A,0xA80A,0xA00A,0xA80A,0xB00A,0xA80A,0x9809,0x9809,0xA00A,
  0x980A,0xA00A,0x9009,0x9009,0x9009,0x980A,0xA00B,0xA00B,0xA00B,0xA00B,0x8809,0x900A,
  0x980A,0xA00B,0x980B,0x8809,0x9009,0x900A,0x900A,0xA80B,0xA80B,0xA00B,0xA80B,0x980A,
  0xA00A,0xA80B,0xA00A,0xA00A,0x9008,0x9809,0xA80A,0xA80A,0xA80A,0xA00A,0xA80A,0xA009,
  0xA00A,0xA00A,0x9009,0x9009,0x980A,0xA00B,0x980A,0x8009,0x880A,0x7809,0x7009,0x780A,
  0x780A,0x780B,0x780B,0x700B,0x600A,0x600A,0x580A,0x4809,0x4009,0x3808,0x3008,0x3008,
  0x2808,0x2807,0x2807,0x2807,0x2006,0x1805,0x1005,0x1004,0x1004,0x1004,0x0803,0x0803,
  0x0802,0x0802,0x0001,0x0001,0x1004,0x0802,0x0000,0x0000,0x0000,0x0000,0x0000,0x0000,
  0x0000,0x0000,0x0000,0x0000,0x0000,0x0000,0x0000,0x0000,0x0000,0x0000,0x0000,0x0000,
  0x0000,0x0000,0x0000,0x0000,0x0000,0x0000,0x0000,0x0000,0x0000,0x0000,0x0000,0x0000,
  0x0000,0x0000,0x0000,0x0000,0x0000,0x0001,0x1004,0x0001,0x0001,0x0801,0x0802,0x0802,
  0x0803,0x0803,0x1004,0x1004,0x1005,0x1805,0x2006,0x2807,0x2807,0x2808,0x2807,0x2808,
  0x3008,0x3008,0x3809,0x480A,0x500A,0x500A,0x580A,0x600B,0x680B,0x600A,0x6809,0x780B,
  0x800B,0x800A,0x880A,0x900B,0x900A,0x900A,0xA00B,0xA00B,0x9009,0x9809,0xA00A,0x9809,
  0xA009,0x9809,0x9008,0x9809,0xB00B,0xA80A,0xA80A,0xA80B,0xB00B,0x980A,0x9009,0xA80B,
  0x980A,0x980A,0x900A,0x900A,0x880A,0x900A,0xA00B,0x980B,0x980B,0xA00C,0x880A,0x900B,
  0xA00C,0xA00C,0xA00C,0x980B,0x900A,0x880A,0x900A,0xA00B,0x980B,0x980B,0xA00B,0x900A,
  0xA80B,0xA80B,0xA00A,0x980A,0x9009,0xA80A,0xA80A,0xB00B,0xA80A,0xA80A,0xA80A,0xA00A,
  0xA00A,0x9809,0x9009,0x980A,0xA00A,0xA00A,0x9009,0x900A,0x8809,0x7809,0x800A,0x800A,
  0x780A,0x880B,0x800B,0x700A,0x700B,0x600A,0x5009,0x4809,0x4009,0x4009,0x4009,0x3808,
  0x3808,0x3809,0x3008,0x3008,0x2006,0x1806,0x1805,0x1805,0x1805,0x1004,0x1004,0x0803,
  0x0802,0x0802,0x0802,0x0001,0x0001,0x1004,0x0001,0x0000,0x0000,0x0000,0x0000,0x0000,
  0x0000,0x0000,0x0000,0x0000,0x0000,0x0000,0x0000,0x0000,0x0000,0x0000,0x0000,0x0000,
  0x0000,0x0000,0x0000,0x0000,0x0000,0x0000,0x0000,0x0000,0x0000,0x0000,0x0000,0x0000,
  0x0000,0x0000,0x0000,0x0000,0x0000,0x1004,0x0802,0x0001,0x0001,0x0802,0x0802,0x0803,
  0x0803,0x1004,0x1004,0x1005,0x1805,0x1806,0x1806,0x2007,0x2808,0x2808,0x3008,0x3009,
  0x3809,0x3809,0x4009,0x480A,0x580A,0x600B,0x600A,0x680B,0x700B,0x700B,0x700A,0x800A,
  0x880B,0x900B,0x900A,0x900A,0xA00B,0xA00A,0x980A,0xA80A,0xA00A,0x9809,0xA009,0x9009,
  0xA00A,0xA009,0x9009,0x9008,0xA00A,0xA80B,0xA80B,0xA80B,0xB00C,0x900A,0x8809,0xA80C,
  0x980B,0x900A,0x880A,0x880A,0x880A,0x900B,0x900B,0x880B,0x980C,0xA80D,0x800B,0x900C,
  0xA80D,0x980C,0xA00D,0x980C,0x880B,0x800A,0x880B,0xA00C,0x900B,0x900B,0x980B,0xA00C,
  0xA80C,0x980B,0x980A,0x900A,0x980A,0xA80B,0xA80B,0xB00B,0xA80A,0xA80A,0xA80A,0xA00A,
  0x9809,0x9009,0x9809,0xA00A,0xA80A,0x9009,0x980A,0xA00A,0x980A,0x900A,0x900A,0x8009,
  0x880A,0x880B,0x780A,0x700A,0x700A,0x5809,0x5009,0x4809,0x4809,0x4809,0x4009,0x4009,
  0x4009,0x4009,0x3809,0x3008,0x2007,0x1806,0x2006,0x2006,0x1805,0x1005,0x1004,0x1003,
  0x0803,0x0802,0x0802,0x0801,0x0001,0x0802,0x1004,0x0000,0x0000,0x0000,0x0000,0x0000,
  0x0000,0x0000,0x0000,0x0000,0x0000,0x0000,0x0000,0x0000,0x0000,0x0000,0x0000,0x0000,
  0x0000,0x0000,0x0000,0x0000,0x0000,0x0000,0x0000,0x0000,0x0000,0x0000,0x0000,0x0000,
  0x0000,0x0000,0x0000,0x0000,0x0803,0x0803,0x0001,0x0001,0x0802,0x0802,0x0803,0x0803,
  0x1004,0x1004,0x1005,0x1805,0x1806,0x1806,0x2006,0x2007,0x2808,0x3008,0x3008,0x3809,
  0x3809,0x4009,0x480A,0x580A,0x580A,0x680B,0x700B,0x700B,0x780B,0x800B,0x880B,0x880B,
  0x880A,0x980B,0x980A,0x8809,0x980A,0xA80B,0xA00A,0xA80A,0xB00A,0x9809,0x9008,0x9008,
  0xA009,0xA00A,0xA00A,0xA00A,0x980A,0x980A,0x980A,0x980A,0xA00B,0x900A,0x8009,0x900B,
  0x900B,0x880B,0x880B,0x880B,0x800B,0x900C,0x880C,0x880C,0x900D,0xA80E,0x800C,0x880C,
  0x980D,0x980D,0x900C,0x780B,0x800B,0x780B,0x880C,0xA00D,0x900C,0x880B,0x900C,0x980C,
  0x900B,0x880A,0x980B,0x880A,0x900A,0xA80B,0xB00C,0xA80B,0x980A,0xA00A,0x9809,0x9809,
  0x9809,0xA80A,0xA00A,0xA80A,0xA009,0x9008,0x9009,0x9809,0x980A,0xA00B,0x980A,0x900A,
  0x980B,0x800A,0x780A,0x800B,0x700A,0x700A,0x600A,0x5809,0x600A,0x500A,0x4809,0x480A,
  0x480A,0x4009,0x3809,0x3008,0x2807,0x2807,0x2807,0x2006,0x2006,0x1805,0x1004,0x1004,
  0x0803,0x0803,0x0802,0x0802,0x0001,0x0001,0x0803,0x0803,0x0000,0x0000,0x0000,0x0000,
  0x0000,0x0000,0x0000,0x0000,0x0000,0x0000,0x0000,0x0000,0x0000,0x0000,0x0000,0x0000,
  0x0000,0x0000,0x0000,0x0000,0x0000,0x0000,0x0000,0x0000,0x0000,0x0000,0x0000,0x0000,
  0x0000,0x0000,0x0000,0x0802,0x1004,0x0001,0x0001,0x0802,0x0802,0x0803,0x0803,0x0803,
  0x1004,0x1005,0x1805,0x2006,0x1806,0x2007,0x2007,0x2007,0x2808,0x3009,0x3009,0x3809,
  0x4009,0x4009,0x480A,0x600B,0x680B,0x680A,0x780B,0x800B,0x780A,0x780A,0x880B,0x980B,
  0x900A,0x900A,0x900A,0x8809,0x9009,0xA80A,0xA80A,0xA00A,0xA80A,0x9809,0x9009,0xA00A,
  0x9009,0xA00A,0xA00A,0xA80B,0xA80B,0x980A,0x880A,0x800A,0x900B,0x900B,0x780A,0x880B,
  0x900C,0x780B,0x800B,0x880C,0x780B,0x880C,0x880D,0x800C,0x880D,0x980E,0x780C,0x780C,
  0x700B,0x700B,0x780C,0x700B,0x780C,0x700B,0x880D,0x900D,0x800C,0x880C,0x880C,0x800B,
  0x800B,0x900C,0x900C,0x880B,0x800A,0x980B,0xA80C,0x900A,0x8809,0x8809,0x8809,0x9009,
  0xA00A,0xA80A,0xA80A,0xA80A,0x9008,0x9009,0x9009,0x9008,0x9809,0xA00A,0x980A,0xA00B,
  0x900A,0x880A,0x900B,0x880A,0x800A,0x780A,0x6009,0x680A,0x600A,0x580A,0x580A,0x580A,
  0x500A,0x4809,0x3809,0x3008,0x3008,0x2808,0x2807,0x2807,0x2006,0x1805,0x1005,0x1004,
  0x1004,0x0803,0x0803,0x0802,0x0802,0x0001,0x0001,0x1004,0x0801,0x0000,0x0000,0x0000,
  0x0000,0x0000,0x0000,0x0000,0x0000,0x0000,0x0000,0x0000,0x0000,0x0000,0x0000,0x0000,
  0x0000,0x0000,0x0000,0x0000,0x0000,0x0000,0x0000,0x0000,0x0000,0x0000,0x0000,0x0000,
  0x0000,0x0000,0x0000,0x1004,0x0802,0x0001,0x0802,0x0802,0x0803,0x1003,0x1004,0x1004,
  0x1004,0x1005,0x2006,0x2007,0x2007,0x2007,0x2007,0x3008,0x3009,0x3809,0x400A,0x400A,
  0x500A,0x500A,0x4809,0x580A,0x700B,0x700B,0x780B,0x800B,0x800A,0x780A,0x880A,0x980B,
  0x900A,0x8809,0x9009,0x9009,0x9008,0x9809,0xA80A,0xA009,0x9809,0xA00A,0xA00A,0xA80B,
  0x980A,0xA00A,0x980A,0x900A,0x900A,0x980B,0x900B,0x800A,0x800B,0x900C,0x780B,0x780B,
  0x800C,0x700B,0x780C,0x900E,0x800D,0x880D,0x800D,0x880E,0x800E,0x900F,0x780D,0x780D,
  0x900F,0x700C,0x700C,0x700C,0x700D,0x680C,0x880E,0x980F,0x900E,0x900E,0x780C,0x800C,
  0x800C,0x880D,0x880C,0x980D,0x980C,0x880B,0x900B,0x800A,0x880A,0x8009,0x880A,0x980A,
  0x980A,0x980A,0xA80A,0xA80A,0x9809,0x9809,0x9009,0x9809,0xA80A,0xA00A,0xA00A,0xA00A,
  0x900A,0x900A,0x880A,0x800A,0x800A,0x7009,0x700A,0x6809,0x6009,0x680A,0x600B,0x580A,
  0x500A,0x480A,0x4009,0x3809,0x3809,0x3008,0x2807,0x2807,0x2006,0x1806,0x1805,0x1005,
  0x1004,0x1004,0x0803,0x0802,0x0802,0x0802,0x0001,0x0802,0x1004,0x0000,0x0000,0x0000,
  0x0000,0x0000,0x0000,0x0000,0x0000,0x0000,0x0000,0x0000,0x0000,0x0000,0x0000,0x0000,
  0x0000,0x0000,0x0000,0x0000,0x0000,0x0000,0x0000,0x0000,0x0000,0x0000,0x0000,0x0000,
  0x0000,0x0000,0x0803,0x0803,0x0001,0x0001,0x0802,0x0802,0x1003,0x1004,0x1804,0x1004,
  0x1005,0x1805,0x2006,0x2007,0x2808,0x2808,0x2808,0x3008,0x400A,0x400A,0x480A,0x500A,
  0x580A,0x600B,0x680B,0x600A,0x680A,0x780B,0x780A,0x780A,0x880A,0x880A,0x880A,0x980A,
  0xA00A,0x9009,0x9009,0x9009,0x9009,0x9008,0x9809,0xA00A,0x9009,0xA00A,0xB00B,0xA80B,
  0xA80B,0xA00B,0xA00B,0x880A,0x900B,0xA00C,0x900C,0x780A,0x700B,0x880C,0x800C,0x680B,
  0x780C,0x700C,0x800D,0x800E,0x900F,0x900F,0x780E,0x880F,0x800E,0x9010,0x700E,0x780E,
  0x800F,0x680D,0x680D,0x680D,0x680D,0x600C,0x800E,0x880F,0x800E,0x880E,0x800D,0x800D,
  0x780D,0x880D,0x780C,0x880D,0x980D,0x900C,0x900C,0x880B,0x900B,0x800A,0x880A,0x900A,
  0x980A,0xA00B,0xA00A,0x9009,0x9809,0x9008,0x9009,0xA80A,0xA00A,0xA00A,0xA00A,0xA00A,
  0xA80B,0x980A,0x8009,0x8009,0x7809,0x800A,0x7009,0x6809,0x700A,0x700B,0x680B,0x600A,
  0x580A,0x500A,0x4809,0x4009,0x4009,0x3808,0x2807,0x2007,0x2006,0x1806,0x1806,0x1805,
  0x1004,0x1004,0x1003,0x0803,0x0802,0x0802,0x0001,0x0001,0x0803,0x0803,0x0000,0x0000,
  0x0000,0x0000,0x0000,0x0000,0x0000,0x0000,0x0000,0x0000,0x0000,0x0000,0x0000,0x0000,
  0x0000,0x0000,0x0000,0x0000,0x0000,0x0000,0x0000,0x0000,0x0000,0x0000,0x0000,0x0000,
  0x0000,0x0001,0x1004,0x0001,0x0001,0x0802,0x0802,0x0803,0x1003,0x1004,0x1805,0x1805,
  0x1805,0x1806,0x2007,0x2007,0x2808,0x3008,0x3008,0x3809,0x4009,0x480A,0x500A,0x500A,
  0x580B,0x680B,0x700B,0x780B,0x700A,0x780A,0x800A,0x800A,0x8009,0x900A,0x980A,0xA00A,
  0xA00A,0xA00A,0x9009,0x9008,0x9008,0x9008,0x9008,0xA00A,0x980A,0xA00A,0xB00C,0xA80B,
  0xA80C,0x900A,0x880B,0x880B,0x880B,0x780B,0x880C,0x800C,0x780C,0x880D,0x880E,0x680C,
  0x700D,0x780E,0x680D,0x700D,0x9811,0x9010,0x780E,0x8810,0x780F,0x8810,0x700F,0x680E,
  0x580D,0x700E,0x780F,0x680E,0x700E,0x580D,0x8810,0x800F,0x680E,0x880F,0x9810,0x9810,
  0x780E,0x880E,0x680C,0x680B,0x780C,0x880D,0x900D,0x880C,0x780B,0x800B,0x880B,0x900B,
  0xA00C,0xB00C,0xA00B,0x9009,0x9009,0x9009,0xA80A,0xA80A,0xA00A,0xA80A,0x9809,0x9809,
  0x980A,0x9009,0x8809,0x8009,0x880A,0x8009,0x7009,0x780A,0x800B,0x780B,0x700A,0x680A,
  0x580A,0x580A,0x500A,0x480A,0x4009,0x3808,0x3008,0x2807,0x2807,0x2807,0x2006,0x1805,
  0x1005,0x1004,0x1004,0x0803,0x0803,0x0802,0x0802,0x0001,0x0001,0x1004,0x0001,0x0000,
  0x0000,0x0000,0x0000,0x0000,0x0000,0x0000,0x0000,0x0000,0x0000,0x0000,0x0000,0x0000,
  0x0000,0x0000,0x0000,0x0000,0x0000,0x0000,0x0000,0x0000,0x0000,0x0000,0x0000,0x0000,
  0x0000,0x1004,0x0802,0x0001,0x0001,0x0802,0x0802,0x0803,0x0803,0x1004,0x1005,0x1805,
  0x2006,0x2007,0x2007,0x2808,0x3008,0x3008,0x3009,0x400A,0x480A,0x480A,0x580B,0x600B,
  0x600A,0x680B,0x700B,0x800B,0x880B,0x800B,0x880B,0x900A,0x8809,0x8809,0xA00A,0xA80A,
  0xA00A,0xA00A,0x9809,0x9008,0x9008,0x9009,0x9009,0x9009,0xA00B,0xA00B,0xA80C,0xA80C,
  0xA80D,0x980C,0x780A,0x880C,0x700B,0x680B,0x780C,0x880D,0x680C,0x700D,0x880F,0x700E,
  0x680D,0x780F,0x600D,0x680E,0x9011,0x9011,0x600E,0x7810,0x680F,0x8010,0x700F,0x680F,
  0x580E,0x580E,0x680F,0x600E,0x580E,0x600E,0x9812,0x7810,0x780F,0x780F,0x8810,0x9010,
  0x9010,0x800F,0x600C,0x700D,0x800E,0x800D,0x900E,0x800C,0x700B,0x780B,0x800B,0x880B,
  0x980C,0xA00C,0x980B,0x980A,0x8809,0x980A,0xA80A,0x980A,0xA80A,0x9809,0x9809,0x9809,
  0x9008,0x9009,0x8809,0x900A,0x900A,0x8009,0x880A,0x900B,0x880B,0x780A,0x780B,0x600A,
  0x600A,0x600A,0x580A,0x500A,0x480A,0x3809,0x3008,0x3008,0x3008,0x2807,0x2007,0x2006,
  0x1806,0x1805,0x1004,0x1004,0x0803,0x0802,0x0802,0x0001,0x0001,0x0802,0x1004,0x0000,
  0x0000,0x0000,0x0000,0x0000,0x0000,0x0000,0x0000,0x0000,0x0000,0x0000,0x0000,0x0000,
  0x0000,0x0000,0x0000,0x0000,0x0000,0x0000,0x0000,0x0000,0x0000,0x0000,0x0000,0x0000,
  0x0802,0x1004,0x0001,0x0001,0x0802,0x0802,0x0803,0x0803,0x1004,0x1005,0x1005,0x1806,
  0x1806,0x2007,0x2807,0x3008,0x3008,0x2808,0x3009,0x480A,0x500B,0x580B,0x580A,0x600B,
  0x700B,0x700B,0x780B,0x800B,0x880B,0x900B,0x900B,0x980B,0x980A,0x9009,0x9009,0xA00A,
  0xA00A,0xA009,0xA009,0x9809,0x9009,0x9009,0x9009,0x8809,0x980B,0xA00C,0xA00C,0xA80D,
  0xA80D,0xA00D,0x780B,0x780C,0x700C,0x780D,0x680C,0x780E,0x600D,0x680D,0x8810,0x780F,
  0x680E,0x780F,0x600E,0x580E,0x8011,0x7010,0x500E,0x600F,0x6810,0x8812,0x7810,0x7811,
  0x7811,0x480D,0x680F,0x580E,0x500E,0x680F,0x9012,0x7010,0x8811,0x8811,0x9011,0x8010,
  0x9011,0x700F,0x580D,0x680D,0x880F,0x780E,0x900F,0x700C,0x700C,0x700C,0x800C,0x900D,
  0x980D,0x800B,0x880B,0x800A,0x900A,0xA00B,0xA00A,0xA00A,0x9809,0x9009,0x9809,0x9008,
  0x9008,0x9008,0x9809,0xA00A,0x9009,0x980A,0xA00B,0x900B,0x880A,0x800B,0x700A,0x680A,
  0x680A,0x680A,0x600A,0x580A,0x4809,0x3809,0x3809,0x3809,0x3008,0x2807,0x2807,0x2007,
  0x2006,0x1805,0x1004,0x1004,0x1004,0x0803,0x0802,0x0802,0x0001,0x0001,0x1004,0x0802,
  0x0000,0x0000,0x0000,0x0000,0x0000,0x0000,0x0000,0x0000,0x0000,0x0000,0x0000,0x0000,
  0x0000,0x0000,0x0000,0x0000,0x0000,0x0000,0x0000,0x0000,0x0000,0x0000,0x0000,0x0000,
  0x1004,0x0802,0x0001,0x0801,0x0802,0x0803,0x0803,0x1004,0x1004,0x1805,0x1805,0x1806,
  0x2006,0x2007,0x2807,0x2808,0x3009,0x3809,0x3809,0x480A,0x500A,0x600B,0x680B,0x680B,
  0x700B,0x780B,0x800B,0x880B,0x880B,0x980B,0x980B,0x980A,0xA00A,0x980A,0x9009,0x9009,
  0xA009,0xA009,0xA00A,0xA00A,0x980A,0x8809,0x9009,0x8809,0x900A,0xA00C,0x980C,0xA00D,
  0xA80F,0xA00E,0x800D,0x680C,0x700D,0x680C,0x600D,0x8810,0x700E,0x600D,0x8010,0x7810,
  0x600E,0x600F,0x600F,0x500E,0x7811,0x7811,0x480E,0x580F,0x8012,0x9813,0x8812,0x6810,
  0x500F,0x500F,0x8012,0x500F,0x480E,0x580F,0x7011,0x7010,0x8012,0x8812,0x9012,0x8011,
  0x8811,0x500D,0x680F,0x8810,0x8010,0x780F,0x780E,0x600C,0x680C,0x680C,0x800D,0x980E,
  0x880D,0x980D,0x800B,0x880B,0xA80D,0x980B,0x980B,0x900A,0x9009,0xA80A,0xA00A,0x9809,
  0x9008,0x9809,0x9809,0x8808,0x980A,0xA80B,0xA00B,0x900A,0x880A,0x880A,0x780A,0x700A,
  0x680A,0x680A,0x600A,0x500A,0x4809,0x4809,0x3808,0x3809,0x3808,0x3008,0x2807,0x2007,
  0x2006,0x1806,0x1805,0x1004,0x1004,0x1003,0x0803,0x0802,0x0802,0x0001,0x0802,0x1004,
  0x0000,0x0000,0x0000,0x0000,0x0000,0x0000,0x0000,0x0000,0x0000,0x0000,0x0000,0x0000,
  0x0000,0x0000,0x0000,0x0000,0x0000,0x0000,0x0000,0x0000,0x0000,0x0000,0x0000,0x0803,
  0x1003,0x0001,0x0001,0x0802,0x0802,0x0803,0x1003,0x1004,0x1005,0x1005,0x1806,0x1806,
  0x2007,0x2007,0x2808,0x3009,0x3009,0x3809,0x480A,0x500A,0x500A,0x600B,0x680B,0x780B,
  0x780B,0x780B,0x880B,0x880B,0x900B,0x980B,0xA00B,0xA00B,0xA00A,0xA00A,0x9809,0x9008,
  0x9009,0xA00A,0xA00A,0x980A,0x980A,0xA00B,0x880A,0x880A,0x800A,0x900C,0x980D,0x980E,
  0xA80F,0x900E,0x800D,0x700D,0x680D,0x780F,0x8810,0xA012,0x8010,0x580E,0x7010,0x7811,
  0x600F,0x500E,0x600F,0x480E,0x6810,0x8012,0x480E,0x500F,0x7812,0x9013,0x8012,0x8813,
  0x500F,0x6010,0xA014,0x580F,0x380D,0x580F,0x6010,0x7011,0x8012,0x9013,0x9012,0x8812,
  0x9813,0x580F,0x680F,0x9012,0x8811,0x7810,0x580D,0x600D,0x600D,0x680D,0x800E,0x800D,
  0x880D,0xA00E,0x780B,0xA80E,0xA00D,0x980B,0xA00C,0x8809,0x980A,0xA00A,0xA80A,0xA00A,
  0x9809,0x9009,0x9008,0xA009,0xA80A,0xA00A,0x980A,0x900A,0x900A,0x880A,0x800A,0x780A,
  0x700A,0x680A,0x680A,0x580A,0x580A,0x4809,0x3808,0x4009,0x4009,0x3008,0x2808,0x2807,
  0x2007,0x2006,0x1805,0x1005,0x1004,0x1004,0x0803,0x0802,0x0802,0x0001,0x0001,0x0803,
  0x0803,0x0000,0x0000,0x0000,0x0000,0x0000,0x0000,0x0000,0x0000,0x0000,0x0000,0x0000,
  0x0000,0x0000,0x0000,0x0000,0x0000,0x0000,0x0000,0x0000,0x0000,0x0000,0x0000,0x1004,
  0x0001,0x0001,0x0802,0x0802,0x0803,0x0803,0x1004,0x1004,0x1805,0x1806,0x1806,0x1806,
  0x2007,0x2007,0x2808,0x3809,0x400A,0x400A,0x480A,0x580A,0x580B,0x600B,0x680B,0x780B,
  0x800B,0x880B,0x880B,0x900B,0x980B,0x980A,0xA00A,0xA80A,0xA80A,0xA00A,0xA80A,0x9809,
  0x9008,0x9009,0xA00A,0xA00A,0x900A,0x980B,0x900B,0x800A,0x800B,0x780B,0x880D,0x880E,
  0x800E,0x800E,0x800E,0x800F,0x600D,0x8811,0x8811,0x9012,0x9012,0x500E,0x7010,0x8012,
  0x6010,0x500E,0x500E,0x500F,0x6010,0x8012,0x500F,0x380D,0x580F,0x5810,0x6811,0x9814,
  0x580F,0x580F,0x7011,0x480E,0x500F,0x500F,0x580F,0x6811,0x8812,0x9013,0x8812,0x9013,
  0x9813,0x7011,0x6810,0x8011,0x8812,0x8011,0x480D,0x680E,0x8010,0x680E,0x800F,0x700D,
  0x880E,0x780C,0x980E,0xA80E,0x980D,0x900C,0x880A,0x900A,0x880A,0x8809,0xA00A,0xA80A,
  0x9809,0x9008,0xA009,0xA80A,0xA00A,0x980A,0x980A,0x980A,0x980B,0x980B,0x800A,0x780A,
  0x780A,0x780B,0x680A,0x5809,0x5009,0x500A,0x4809,0x4009,0x3808,0x3808,0x3008,0x2807,
  0x2807,0x2006,0x1806,0x1805,0x1805,0x1004,0x0803,0x0803,0x0802,0x0802,0x0001,0x0801,
  0x1004,0x0000,0x0000,0x0000,0x0000,0x0000,0x0000,0x0000,0x0000,0x0000,0x0000,0x0000,
  0x0000,0x0000,0x0000,0x0000,0x0000,0x0000,0x0000,0x0000,0x0000,0x0000,0x0803,0x0803,
  0x0001,0x0001,0x0802,0x0802,0x0803,0x1004,0x1004,0x1005,0x1805,0x1806,0x2006,0x2007,
  0x2808,0x2808,0x2808,0x3009,0x4009,0x480A,0x580B,0x600B,0x600B,0x700B,0x780B,0x800B,
  0x880B,0x900B,0x980B,0x900A,0x980A,0x980A,0xA00A,0xA00A,0xA80A,0xA80A,0xA80A,0xA00A,
  0x9809,0x9009,0x8809,0xA00B,0xA00C,0x900B,0x900C,0x880C,0x800C,0x780C,0x700C,0x800E,
  0x700D,0x700E,0x9811,0xA012,0x680F,0x7010,0x8811,0x8011,0x7010,0x580F,0x6010,0x8012,
  0x6811,0x500F,0x400E,0x480F,0x5810,0x7812,0x6010,0x380D,0x480E,0x500F,0x6810,0x6810,
  0x380D,0x6010,0x6810,0x7011,0x8812,0x580F,0x480F,0x6010,0x8813,0x9013,0x8012,0x9814,
  0x9013,0x7011,0x7011,0x7011,0x7811,0x6810,0x480E,0x580E,0x680F,0x700F,0x700F,0x780F,
  0x700E,0x780D,0xA810,0x900E,0x980E,0x800B,0x880C,0x900C,0x800A,0x900A,0x9009,0x9009,
  0x8808,0x9809,0xA80A,0xA00A,0xA00A,0xA00A,0x980A,0xA00A,0xA00B,0x980A,0x880A,0x880A,
  0x880B,0x780A,0x6009,0x5809,0x580A,0x5009,0x4809,0x4009,0x3809,0x3008,0x3008,0x3008,
  0x2807,0x2006,0x1806,0x1806,0x1005,0x1004,0x1004,0x0803,0x0803,0x0802,0x0001,0x0001,
  0x0803,0x0803,0x0000,0x0000,0x0000,0x0000,0x0000,0x0000,0x0000,0x0000,0x0000,0x0000,
  0x0000,0x0000,0x0000,0x0000,0x0000,0x0000,0x0000,0x0000,0x0000,0x0000,0x1004,0x0001,
  0x0001,0x0802,0x0802,0x0803,0x1003,0x1004,0x1004,0x1005,0x1806,0x1806,0x2007,0x2007,
  0x3008,0x3809,0x3809,0x3809,0x3809,0x4009,0x580B,0x680B,0x700B,0x700B,0x800B,0x800B,
  0x880B,0x900B,0xA00C,0xA00B,0x980A,0xA00A,0xA00A,0xA80A,0xA80A,0xA80A,0xA80A,0xA80A,
  0xA00A,0xB00B,0x980A,0x880A,0xA80D,0xA00D,0x900D,0x900D,0x980E,0x900E,0x700D,0x700E,
  0x780F,0x600D,0x8811,0x9012,0x7811,0x580F,0x6810,0x500F,0x480E,0x6010,0x500F,0x6810,
  0x7811,0x6010,0x400E,0x480E,0x6010,0x8012,0x7011,0x6810,0x6010,0x6010,0x7811,0x7011,
  0x500F,0x7011,0x7811,0x6010,0x6010,0x580F,0x580F,0x580F,0x8012,0x8813,0x8812,0x9814,
  0x8813,0x6010,0x7812,0x8812,0x7811,0x400D,0x500F,0x600F,0x600F,0x8811,0x8010,0x8810,
  0x780F,0x9810,0x9010,0x900F,0x900E,0x780C,0x800C,0x780A,0x800A,0xA00C,0x980B,0x8009,
  0x980A,0xA80B,0xA00A,0xA00A,0xA009,0x9809,0x9809,0xA80A,0xA00A,0x980A,0x900A,0x900B,
  0x800A,0x7009,0x700A,0x700A,0x600A,0x5009,0x4809,0x4009,0x4809,0x4009,0x3809,0x3008,
  0x2007,0x2007,0x2007,0x1806,0x1005,0x1004,0x1004,0x1003,0x0803,0x0802,0x0802,0x0001,
  0x0001,0x1004,0x0000,0x0000,0x0000,0x0000,0x0000,0x0000,0x0000,0x0000,0x0000,0x0000,
  0x0000,0x0000,0x0000,0x0000,0x0000,0x0000,0x0000,0x0000,0x0000,0x0803,0x0803,0x0001,
  0x0001,0x0802,0x0802,0x0803,0x1004,0x1004,0x1005,0x1805,0x1806,0x2006,0x2007,0x2007,
  0x3009,0x3809,0x400A,0x4009,0x4009,0x4809,0x580A,0x680B,0x700B,0x800B,0x880B,0x900B,
  0x900B,0x980B,0x980B,0xA80B,0xA80B,0xA00A,0xA00A,0xA80A,0xA80A,0xA80A,0xA80A,0xA80B,
  0xA00B,0xA80C,0xA80C,0x880B,0x980C,0xA80E,0x980E,0x900E,0x980F,0x900F,0x780F,0x700E,
  0x9011,0x700F,0x580E,0x7811,0x7811,0x6810,0x500F,0x500F,0x400D,0x580F,0x500E,0x6810,
  0x8012,0x7011,0x580F,0x7811,0x7811,0x8012,0x7811,0x6810,0x600F,0x580F,0x7010,0x7011,
  0x500E,0x7010,0x7811,0x580F,0x580F,0x6010,0x7811,0x6810,0x6810,0x8812,0x9013,0x8812,
  0x6810,0x6810,0x6811,0x7811,0x580F,0x480E,0x580F,0x6010,0x7011,0x7811,0x8811,0x680F,
  0x780F,0x8810,0x9010,0x900F,0x800E,0x800D,0x800D,0x780B,0x780A,0x900C,0x980B,0x900A,
  0xA80B,0xA00A,0x980A,0x9809,0x9809,0x9809,0xA009,0xA00A,0x980A,0xA00A,0xA00B,0x880A,
  0x7809,0x780A,0x800A,0x780A,0x680A,0x5809,0x5009,0x4809,0x4809,0x480A,0x4009,0x3808,
  0x3008,0x3008,0x2007,0x1806,0x1805,0x1805,0x1004,0x1004,0x0803,0x0802,0x0802,0x0001,
  0x0001,0x0803,0x0802,0x0000,0x0000,0x0000,0x0000,0x0000,0x0000,0x0000,0x0000,0x0000,
  0x0000,0x0000,0x0000,0x0000,0x0000,0x0000,0x0000,0x0000,0x0000,0x1004,0x0802,0x0001,
  0x0802,0x0802,0x0803,0x0803,0x1004,0x1805,0x1806,0x2006,0x2007,0x2807,0x2007,0x2007,
  0x3008,0x3809,0x4009,0x400A,0x480A,0x500A,0x600A,0x680B,0x700B,0x800B,0x880B,0x900B,
  0x980B,0x980B,0xA00B,0xA00A,0xA80A,0xB00A,0xA80A,0xA00A,0xA80A,0xA80A,0xA80B,0xA80B,
  0xA00B,0xA00C,0xB00D,0x980C,0x780B,0xA00E,0xA00F,0x900F,0x900F,0x700E,0x680E,0x7810,
  0x680F,0x7010,0x480E,0x7010,0x7811,0x7811,0x7011,0x6811,0x400E,0x500E,0x600F,0x7011,
  0x8812,0x7811,0x6810,0x8812,0x7811,0x8011,0x8011,0x6810,0x600F,0x580F,0x6810,0x7010,
  0x480E,0x7010,0x7010,0x500E,0x500E,0x600F,0x7811,0x6810,0x580F,0x6010,0x8012,0x7011,
  0x7011,0x7011,0x6810,0x6811,0x400E,0x5810,0x5810,0x6811,0x7811,0x7811,0x7011,0x680F,
  0x680F,0x600E,0x7810,0x780F,0x780E,0x700D,0x900E,0x980E,0x900D,0x800B,0x900C,0xA00C,
  0x980B,0x900A,0x8809,0x9009,0xA00A,0xA00A,0xA009,0xA009,0xA00A,0xA00A,0x900A,0x8809,
  0x880A,0x800A,0x780A,0x780A,0x700A,0x6009,0x580A,0x580A,0x4809,0x4009,0x3808,0x3809,
  0x3808,0x2808,0x2007,0x2006,0x1806,0x1805,0x1005,0x1004,0x0803,0x0803,0x0802,0x0802,
  0x0001,0x0802,0x1004,0x0000,0x0000,0x0000,0x0000,0x0000,0x0000,0x0000,0x0000,0x0000,
  0x0000,0x0000,0x0000,0x0000,0x0000,0x0000,0x0000,0x0000,0x0802,0x1004,0x0001,0x0801,
  0x0802,0x0803,0x1003,0x1004,0x1004,0x1005,0x1806,0x2007,0x2807,0x3008,0x3009,0x3009,
  0x3009,0x3009,0x3809,0x480A,0x500A,0x580A,0x680B,0x700B,0x780B,0x800B,0x880B,0x980B,
  0xA00B,0xA00B,0xA00A,0xA00A,0xA00A,0xA00A,0xA00A,0xA80A,0xA00A,0xA00A,0xA80B,0xA00B,
  0xA00C,0x980C,0x900C,0x980D,0x800C,0x880D,0x9810,0x9810,0x8810,0x780F,0x580E,0x700F,
  0x6810,0x580F,0x580F,0x480E,0x8813,0x9814,0xA014,0x8812,0x6010,0x500F,0x6810,0x6810,
  0x8012,0x7011,0x6810,0x7811,0x7811,0x8011,0x8011,0x8011,0x7811,0x7010,0x600F,0x7010,
  0x480D,0x7010,0x7010,0x580E,0x500E,0x580E,0x600F,0x580E,0x500E,0x600F,0x7811,0x7010,
  0x7011,0x7811,0x7811,0x6810,0x500F,0x500F,0x6810,0x9814,0x8813,0x7811,0x6010,0x7011,
  0x580F,0x600F,0x680F,0x7810,0x600D,0x580C,0x700D,0x880E,0x880D,0x900D,0x980D,0x900C,
  0x880A,0x980A,0x980A,0x980A,0xA00A,0x9809,0xA00A,0xA80A,0xA00A,0x980A,0x9809,0x9009,
  0x8809,0x8009,0x7809,0x800A,0x780A,0x680A,0x600A,0x5809,0x5009,0x4009,0x4009,0x3809,
  0x3008,0x3008,0x2807,0x2007,0x2006,0x1805,0x1005,0x1004,0x1004,0x0803,0x0802,0x0802,
  0x0001,0x0001,0x1004,0x0802,0x0000,0x0000,0x0000,0x0000,0x0000,0x0000,0x0000,0x0000,
  0x0000,0x0000,0x0000,0x0000,0x0000,0x0000,0x0000,0x0000,0x1004,0x0802,0x0001,0x0802,
  0x0802,0x0803,0x1003,0x1004,0x1004,0x1005,0x1806,0x2006,0x2007,0x2808,0x3809,0x400A,
  0x480A,0x400A,0x400A,0x480A,0x4809,0x580A,0x680A,0x780B,0x780B,0x800B,0x880A,0x880A,
  0x900A,0x980A,0x980A,0x9809,0xA009,0xA00A,0xA00A,0xA80A,0xA00A,0x8809,0x980A,0xA80C,
  0xA00C,0x980D,0x880C,0x800C,0x900E,0x800E,0x880F,0x9811,0x9811,0x7810,0x600F,0x580F,
  0x7811,0x6010,0x6810,0x7011,0x9013,0x9813,0x9813,0x9013,0x7010,0x500E,0x600F,0x600F,
  0x7010,0x6810,0x600F,0x7010,0x700F,0x680F,0x7810,0x680F,0x7810,0x680F,0x600E,0x680F,
  0x480D,0x700F,0x700F,0x7010,0x7810,0x580E,0x580E,0x580E,0x680F,0x7010,0x7810,0x7010,
  0x6810,0x7010,0x7811,0x600F,0x7010,0x500F,0x7011,0x9013,0x7812,0x7011,0x8012,0x8813,
  0x8012,0x6010,0x7010,0x680F,0x600E,0x780F,0x800F,0x700D,0x880E,0x980E,0x880D,0x780B,
  0x980C,0xA00C,0xA80C,0xA00B,0x980A,0xA00A,0xA80A,0xA009,0xA009,0x9809,0x9809,0x9009,
  0x8809,0x8009,0x800A,0x800A,0x780A,0x700A,0x680A,0x5009,0x580A,0x500A,0x4809,0x4009,
  0x4009,0x3808,0x3008,0x2007,0x1806,0x1805,0x1805,0x1005,0x1004,0x0803,0x0803,0x0802,
  0x0802,0x0001,0x0802,0x1004,0x0000,0x0000,0x0000,0x0000,0x0000,0x0000,0x0000,0x0000,
  0x0000,0x0000,0x0000,0x0000,0x0000,0x0000,0x0000,0x0001,0x1004,0x0001,0x0001,0x0802,
  0x0802,0x1003,0x1004,0x1004,0x1805,0x1805,0x1806,0x2007,0x2807,0x2808,0x3008,0x3809,
  0x400A,0x500A,0x500B,0x580B,0x500A,0x580A,0x600A,0x700A,0x800B,0x800A,0x800A,0x8009,
  0x8809,0x9009,0xA00A,0xA80A,0xA80A,0xA80A,0xA00A,0x980A,0x980A,0x980A,0x880A,0x900B,
  0xA00D,0x980D,0x880D,0x800D,0x780D,0x900F,0x780F,0x7810,0x9012,0x8011,0x580F,0x580F,
  0x6010,0x7811,0x6010,0x8813,0x8812,0x9013,0x9013,0x9813,0x7010,0x500E,0x500E,0x680F,
  0x700F,0x680F,0x580E,0x580E,0x580E,0x600E,0x7010,0x680F,0x500E,0x480D,0x580E,0x700F,
  0x480D,0x7010,0x680F,0x480D,0x680F,0x600F,0x580E,0x580E,0x680F,0x7810,0x8811,0x700F,
  0x680F,0x7810,0x8011,0x600F,0x6810,0x7010,0x7011,0x7811,0x7811,0x9013,0x9013,0x8813,
  0x8012,0x7011,0x6010,0x580F,0x8011,0x8010,0x680E,0x800F,0x900F,0x780D,0x700B,0x780B,
  0x900C,0xA00C,0xA00C,0xA00B,0xA00A,0xA00A,0xA00A,0xA009,0x9809,0x9009,0x9009,0x980A,
  0x9009,0x900A,0x900A,0x800A,0x800A,0x780A,0x700A,0x600A,0x600A,0x500A,0x4809,0x480A,
  0x4009,0x3809,0x3008,0x2007,0x2007,0x2006,0x1806,0x1805,0x1004,0x1004,0x1003,0x1003,
  0x0802,0x0801,0x0001,0x1004,0x0001,0x0000,0x0000,0x0000,0x0000,0x0000,0x0000,0x0000,
  0x0000,0x0000,0x0000,0x0000,0x0000,0x0000,0x0000,0x0803,0x0803,0x0001,0x0802,0x0802,
  0x0803,0x1003,0x1004,0x1805,0x1805,0x1806,0x1806,0x2007,0x2007,0x2808,0x3008,0x3009,
  0x3809,0x4009,0x500A,0x680B,0x680B,0x680B,0x680A,0x700A,0x780A,0x880A,0x900A,0x900A,
  0x8809,0x9009,0xA00A,0xA80A,0xB00A,0xA00A,0x9809,0xA00A,0x980A,0x880A,0x900B,0x880B,
  0x900C,0xA80F,0x880D,0x780D,0x780E,0x700E,0x8810,0x680F,0x600F,0x7010,0x6810,0x480E,
  0x580F,0x6810,0x7811,0x7811,0x8812,0x8812,0x9012,0x9012,0x7010,0x500E,0x500D,0x580E,
  0x680F,0x680F,0x580E,0x500D,0x580E,0x600E,0x700F,0x7810,0x500D,0x400C,0x600E,0x7010,
  0x480D,0x700F,0x680F,0x480D,0x500D,0x500D,0x580E,0x480C,0x580D,0x8010,0x7810,0x600E,
  0x680F,0x8010,0x8011,0x600F,0x680F,0x8811,0x8812,0x8011,0x8812,0x8813,0x8012,0x8012,
  0x7812,0x8012,0x500F,0x6810,0x7811,0x600F,0x7810,0x8810,0x680D,0x680C,0x800D,0x780C,
  0x800C,0x880B,0x900B,0x980B,0x980A,0x980A,0x980A,0x9009,0x9809,0xA009,0x9009,0x9809,
  0x980A,0x900A,0x8809,0x8009,0x800A,0x800A,0x780A,0x680A,0x5809,0x5009,0x500A,0x500A,
  0x4809,0x4009,0x3808,0x3008,0x2807,0x2807,0x2006,0x1805,0x1805,0x1004,0x1004,0x0803,
  0x0802,0x0801,0x0001,0x0803,0x0803,0x0000,0x0000,0x0000,0x0000,0x0000,0x0000,0x0000,
  0x0000,0x0000,0x0000,0x0000,0x0000,0x0000,0x0000,0x1004,0x0001,0x0001,0x0802,0x0802,
  0x0803,0x1004,0x1004,0x1005,0x1805,0x1806,0x2007,0x2007,0x2007,0x2808,0x3008,0x3809,
  0x400A,0x480A,0x580B,0x600B,0x680B,0x780B,0x800B,0x800B,0x780A,0x8009,0x880A,0x980A,
  0x9809,0x9009,0x9809,0x9809,0x9809,0x9809,0xA00A,0x980A,0x900A,0x900B,0x800A,0x800B,
  0x900D,0x980E,0x880E,0x800E,0x700E,0x780F,0x680F,0x8011,0x600F,0x600F,0x7811,0x580F,
  0x6810,0x6810,0x7811,0x7811,0x7811,0x7010,0x7810,0x7010,0x7010,0x580E,0x500D,0x600E,
  0x580E,0x700F,0x680F,0x500D,0x500D,0x580E,0x700F,0x8010,0x600E,0x400C,0x700F,0x8010,
  0x500D,0x700F,0x780F,0x7810,0x680E,0x500D,0x500D,0x480C,0x680E,0x700F,0x680F,0x680E,
  0x680F,0x7810,0x680F,0x500D,0x680F,0x8011,0x8811,0x8812,0x7811,0x8011,0x8812,0x7011,
  0x8813,0x8012,0x6810,0x8012,0x6810,0x8812,0x8811,0x600E,0x600D,0x800F,0xA010,0x800D,
  0x800C,0x900C,0x980C,0x900B,0xA00B,0x980A,0x8809,0x9009,0xA00A,0xA009,0xA009,0xA009,
  0x9809,0x8809,0x9009,0x900A,0x880A,0x800A,0x700A,0x680A,0x600A,0x600A,0x580A,0x500A,
  0x4809,0x4009,0x3809,0x3008,0x3008,0x2007,0x1806,0x1805,0x1005,0x1004,0x1004,0x0803,
  0x0802,0x0802,0x0001,0x0801,0x1004,0x0000,0x0000,0x0000,0x0000,0x0000,0x0000,0x0000,
  0x0000,0x0000,0x0000,0x0000,0x0000,0x0000,0x0802,0x1004,0x0001,0x0801,0x0802,0x0803,
  0x1003,0x1004,0x1004,0x1005,0x1806,0x1806,0x2007,0x2808,0x2808,0x2808,0x3008,0x4009,
  0x480A,0x500A,0x580B,0x680B,0x700B,0x700B,0x800B,0x900B,0x880A,0x880A,0x8809,0x9009,
  0x9809,0xA009,0x9809,0x9008,0x9809,0x9009,0x9009,0x900A,0x980B,0x900B,0x880B,0x780B,
  0x780C,0x800E,0x700D,0x800F,0x780F,0x700F,0x7010,0x600F,0x7811,0x6810,0x500F,0x6010,
  0x580F,0x500E,0x7811,0x8011,0x7810,0x600F,0x500D,0x600E,0x680F,0x680F,0x500D,0x680F,
  0x680F,0x700F,0x680F,0x500D,0x500D,0x580E,0x680F,0x7810,0x7810,0x480C,0x680E,0x8010,
  0x580D,0x700F,0x680F,0x700F,0x580D,0x500D,0x500D,0x480C,0x700F,0x700F,0x600E,0x680F,
  0x680F,0x680E,0x580D,0x480D,0x700F,0x8010,0x8011,0x8811,0x680F,0x6810,0x7010,0x7011,
  0x6810,0x6811,0x8012,0x580F,0x8012,0xB015,0x7811,0x500D,0x700F,0x9811,0x9010,0x900F,
  0x880E,0x980E,0x980D,0x900C,0xA80C,0x900A,0x8809,0x9009,0xA00A,0xA00A,0x9809,0x9009,
  0x9008,0x9009,0x980A,0x900A,0x880A,0x800A,0x780A,0x780A,0x700A,0x600A,0x580A,0x500A,
  0x4809,0x4009,0x3809,0x3008,0x2807,0x2007,0x2006,0x1806,0x1805,0x1004,0x1004,0x0803,
  0x0803,0x0802,0x0001,0x0001,0x1004,0x0802,0x0000,0x0000,0x0000,0x0000,0x0000,0x0000,
  0x0000,0x0000,0x0000,0x0000,0x0000,0x0000,0x1003,0x0802,0x0001,0x0802,0x0802,0x1003,
  0x1004,0x1004,0x1805,0x1805,0x1806,0x1806,0x2007,0x3008,0x3008,0x3009,0x3809,0x4009,
  0x480A,0x480A,0x500A,0x600A,0x680B,0x780B,0x780A,0x780A,0x880A,0x980A,0x900A,0x9009,
  0x9009,0x9009,0x9809,0x9809,0xA80A,0xA00A,0x980A,0x8809,0x880A,0x900C,0x880C,0x800C,
  0x680B,0x680C,0x780E,0x680E,0x7810,0x8011,0x7010,0x7011,0x580F,0x7011,0x6010,0x580F,
  0x6010,0x480E,0x500E,0x7010,0x7010,0x7810,0x580E,0x580D,0x580E,0x700F,0x580E,0x580D,
  0x700F,0x700F,0x680F,0x580D,0x480C,0x580E,0x680F,0x780F,0x7810,0x580D,0x480D,0x700F,
  0x600E,0x780F,0x500D,0x480C,0x480C,0x580D,0x480C,0x500D,0x700F,0x680E,0x580D,0x600E,
  0x700F,0x680E,0x500D,0x500D,0x780F,0x8010,0x7810,0x7810,0x7810,0x600F,0x600F,0x600F,
  0x6810,0x8812,0x6810,0x6010,0x7011,0x6810,0x6010,0x7810,0x680F,0x8010,0x9011,0x880F,
  0x700D,0x900E,0x900D,0x780B,0x800A,0x880A,0x980B,0x980A,0x980A,0x9809,0x9809,0x9009,
  0x9809,0x980A,0x9009,0x900A,0x980B,0x900A,0x800A,0x800B,0x780A,0x680A,0x600A,0x580A,
  0x500A,0x4809,0x3809,0x3008,0x2807,0x2807,0x2007,0x2006,0x1805,0x1005,0x1004,0x0803,
  0x0803,0x0802,0x0802,0x0001,0x0802,0x1003,0x0000,0x0000,0x0000,0x0000,0x0000,0x0000,
  0x0000,0x0000,0x0000,0x0000,0x0000,0x0000,0x1004,0x0001,0x0001,0x0802,0x0802,0x1003,
  0x1004,0x1805,0x1805,0x2006,0x2006,0x2007,0x2007,0x2808,0x3009,0x3009,0x400A,0x500A,
  0x500A,0x500A,0x580A,0x580A,0x600A,0x700A,0x800A,0x800A,0x880A,0x8809,0x9009,0x9809,
  0xA00A,0xA009,0x9008,0x9009,0xA80A,0xA80B,0xA80B,0xA00B,0x880B,0x800B,0x880C,0x880D,
  0x680C,0x680D,0x600D,0x700F,0x680F,0x7810,0x8812,0x7811,0x6810,0x500F,0x7811,0x600F,
  0x500E,0x600F,0x600F,0x680F,0x700F,0x700F,0x700F,0x700F,0x580D,0x680F,0x700F,0x500D,
  0x500D,0x600E,0x700F,0x600E,0x500D,0x580D,0x700F,0x700F,0x780F,0x600D,0x480B,0x600D,
  0x580C,0x600D,0x400A,0x380A,0x380A,0x500C,0x400B,0x600E,0x8010,0x600E,0x580D,0x680E,
  0x780F,0x700F,0x500D,0x580D,0x7810,0x780F,0x700F,0x700F,0x680F,0x580E,0x580E,0x8011,
  0x9012,0x7811,0x7811,0x6810,0x380D,0x480E,0x7811,0x6810,0x500E,0x700F,0x700F,0x600D,
  0x700D,0x700C,0x680B,0x780B,0x880B,0x900B,0x980B,0x900A,0x9009,0x8808,0x9809,0xA00A,
  0xA00A,0x9809,0x9009,0x980A,0x980A,0x880A,0x800A,0x800A,0x780A,0x680A,0x600A,0x580A,
  0x500A,0x4009,0x3808,0x3008,0x3008,0x2807,0x2007,0x2006,0x1805,0x1005,0x1004,0x1003,
  0x0803,0x0802,0x0802,0x0001,0x0001,0x1004,0x0000,0x0000,0x0000,0x0000,0x0000,0x0000,
  0x0000,0x0000,0x0000,0x0000,0x0000,0x0802,0x1004,0x0001,0x0001,0x0802,0x0803,0x1003,
  0x1004,0x1805,0x1806,0x2006,0x2807,0x2808,0x2007,0x2808,0x3008,0x3009,0x3809,0x500A,
  0x580B,0x600B,0x680B,0x680A,0x680A,0x700A,0x780A,0x800A,0x900A,0x9009,0x9809,0xA00A,
  0xA80A,0xA80A,0xA00A,0x9809,0x980A,0xA80C,0xA80C,0xA00C,0xA00D,0x800C,0x700C,0x800D,
  0x780E,0x680D,0x600E,0x600F,0x680F,0x7010,0x7811,0x8012,0x7811,0x7011,0x580F,0x680F,
  0x500E,0x500D,0x700F,0x580E,0x580E,0x680F,0x780F,0x7810,0x580D,0x700F,0x8010,0x700F,
  0x600E,0x600E,0x680F,0x680E,0x480C,0x480C,0x600D,0x600C,0x580B,0x4009,0x2006,0x3006,
  0x2806,0x2806,0x2004,0x1804,0x2005,0x3007,0x500B,0x680E,0x700E,0x580D,0x680E,0x700E,
  0x680E,0x580D,0x500D,0x680E,0x780F,0x700E,0x680E,0x680F,0x600E,0x500D,0x580E,0x8011,
  0x7810,0x8812,0x7011,0x300D,0x500F,0x7812,0x5810,0x500E,0x600F,0x500E,0x500D,0x780F,
  0x9010,0x680C,0x680B,0x880D,0x900C,0x880B,0x800A,0x8009,0x8809,0x9009,0x9809,0x9809,
  0xA00A,0x9809,0x980A,0xA00A,0x980A,0x900A,0x880A,0x800A,0x780A,0x700A,0x680A,0x600A,
  0x500A,0x4809,0x4009,0x3808,0x3008,0x2807,0x2007,0x1806,0x1805,0x1005,0x1004,0x1004,
  0x0803,0x0803,0x0802,0x0001,0x0001,0x1004,0x0802,0x0000,0x0000,0x0000,0x0000,0x0000,
  0x0000,0x0000,0x0000,0x0000,0x0000,0x0803,0x0802,0x0001,0x0801,0x0802,0x0803,0x1004,
  0x1004,0x1805,0x1806,0x2006,0x2807,0x2808,0x3008,0x3809,0x3809,0x3809,0x3809,0x480A,
  0x580B,0x600B,0x700B,0x780B,0x780A,0x780A,0x780A,0x8009,0x8809,0x980A,0xA00A,0xA80A,
  0xA80A,0xA80A,0xA80A,0xA80B,0xA00A,0x980A,0xA00C,0xA80D,0xA80E,0x980E,0x680C,0x680C,
  0x780E,0x780F,0x600F,0x580E,0x500E,0x480E,0x580F,0x6810,0x7811,0x8011,0x7010,0x500E,
  0x600E,0x480D,0x480D,0x480C,0x400C,0x600E,0x680F,0x700F,0x580D,0x680F,0x7810,0x7810,
  0x680E,0x600D,0x580C,0x500B,0x3008,0x2806,0x3006,0x2805,0x1804,0x1002,0x0001,0x0000,
  0x0000,0x0000,0x0000,0x0000,0x0801,0x0802,0x2004,0x4008,0x480A,0x500B,0x680E,0x700E,
  0x580D,0x500C,0x580D,0x780F,0x700F,0x680E,0x680E,0x600E,0x500D,0x500D,0x700F,0x600E,
  0x680F,0x680F,0x500E,0x6010,0x8012,0x7011,0x6010,0x500F,0x6010,0x7010,0x8011,0x9011,
  0x9010,0x800E,0x800E,0x880D,0x980D,0x900C,0x800A,0x880A,0x900A,0xA00A,0x9809,0x9809,
  0xA009,0xA00A,0xA80A,0xA00A,0xA00A,0x980B,0x900B,0x880A,0x800A,0x780B,0x700A,0x600A,
  0x5009,0x4809,0x4009,0x3808,0x3008,0x2807,0x2007,0x1806,0x1806,0x1805,0x1805,0x1004,
  0x1003,0x0803,0x0802,0x0801,0x0001,0x0803,0x0803,0x0000,0x0000,0x0000,0x0000,0x0000,
  0x0000,0x0000,0x0000,0x0000,0x0000,0x1004,0x0801,0x0001,0x0802,0x0802,0x0803,0x1004,
  0x1004,0x1805,0x1806,0x1806,0x2006,0x2807,0x2808,0x3009,0x4009,0x480A,0x480A,0x480A,
  0x500A,0x600B,0x680B,0x780B,0x780A,0x800A,0x880A,0x880A,0x9009,0x980A,0xA00A,0xA00A,
  0xA80A,0xA80A,0xA80A,0xA00B,0xA80B,0x980B,0x800A,0x900C,0x900D,0x900E,0x800E,0x680D,
  0x600D,0x700F,0x7810,0x9012,0x8812,0x6810,0x380D,0x500E,0x7010,0x7810,0x7810,0x680F,
  0x500D,0x680F,0x580D,0x480C,0x400C,0x400C,0x680E,0x680E,0x680E,0x600E,0x700F,0x780F,
  0x680D,0x4009,0x2806,0x2004,0x1002,0x0801,0x0001,0x0000,0x0000,0x0000,0x0000,0x0000,
  0x0000,0x0000,0x0000,0x0000,0x0000,0x0000,0x0000,0x0801,0x1003,0x2806,0x480A,0x600C,
  0x500C,0x580D,0x700E,0x780F,0x680E,0x680E,0x680E,0x500D,0x500C,0x700E,0x580D,0x600E,
  0x600E,0x480D,0x7010,0x8011,0x7811,0x8812,0x500F,0x6010,0x9013,0x8812,0x8812,0x9011,
  0xA012,0x9010,0x780D,0x800D,0x900D,0x880C,0x900C,0x980B,0x980B,0x980A,0x980A,0xA00A,
  0xA80A,0xA80A,0xA00A,0xA00A,0xA00A,0xA00B,0x980B,0x880A,0x800A,0x700A,0x700A,0x680A,
  0x5009,0x4809,0x3809,0x3808,0x3808,0x2807,0x2807,0x2007,0x2006,0x2006,0x1805,0x1004,
  0x1004,0x1003,0x0802,0x0802,0x0001,0x0801,0x1004,0x0000,0x0000,0x0000,0x0000,0x0000,
  0x0000,0x0000,0x0000,0x0000,0x0001,0x1004,0x0001,0x0001,0x0802,0x0803,0x1003,0x1004,
  0x1004,0x1005,0x1806,0x1806,0x2007,0x3007,0x2808,0x3008,0x3809,0x380A,0x480A,0x580B,
  0x600B,0x680B,0x700B,0x800B,0x780A,0x780A,0x800A,0x8809,0x980A,0xA00A,0xA00A,0xA00A,
  0xA00A,0xA80A,0xA80A,0xA80B,0xA00B,0xA00C,0x800B,0x780B,0x780C,0x780D,0x800E,0x800F,
  0x700F,0x600E,0x8011,0xA014,0x9813,0x6010,0x380D,0x480D,0x500E,0x600F,0x700F,0x700F,
  0x680E,0x680E,0x680E,0x400C,0x480C,0x380B,0x500D,0x780F,0x680E,0x600E,0x580D,0x580B,
  0x4008,0x1003,0x0001,0x0000,0x0000,0x0000,0x0000,0x0000,0x0000,0x0000,0x0000,0x0000,
  0x0000,0x0000,0x0000,0x0000,0x0000,0x0000,0x0000,0x0000,0x0000,0x0801,0x1803,0x3007,
  0x480A,0x580C,0x700E,0x680E,0x680E,0x680E,0x580D,0x500C,0x680E,0x580D,0x580D,0x700E,
  0x700F,0x680F,0x680F,0x680F,0x7811,0x580F,0x580F,0x9013,0x7812,0x8012,0x9813,0xA813,
  0xA012,0x780F,0x680D,0x780D,0x800D,0x900D,0x900C,0x900B,0x880A,0x900A,0x980A,0xA80A,
  0xA80A,0xA80A,0xA80A,0xA80A,0xA80B,0xA00B,0x900A,0x880A,0x800A,0x700A,0x700A,0x680A,
  0x5009,0x4809,0x4809,0x3809,0x3808,0x3008,0x3808,0x2807,0x1806,0x1805,0x1805,0x1805,
  0x1004,0x1003,0x0803,0x0802,0x0001,0x0001,0x1004,0x0001,0x0000,0x0000,0x0000,0x0000,
  0x0000,0x0000,0x0000,0x0000,0x0803,0x0803,0x0001,0x0801,0x0802,0x0803,0x1004,0x1004,
  0x1005,0x1805,0x1806,0x2007,0x2807,0x3008,0x2008,0x2808,0x2809,0x6009,0x5009,0x500A,
  0x600B,0x700C,0x800C,0x880B,0x880B,0x900B,0x900A,0x9009,0x9009,0xA00A,0xA80A,0xA80A,
  0xA80A,0xA80A,0xA80B,0xA80B,0xA00C,0x900B,0x780A,0x780B,0x780C,0x780D,0x700E,0x700E,
  0x7810,0x7010,0x6810,0x7811,0x8012,0x6810,0x580E,0x480D,0x400C,0x480D,0x580E,0x680E,
  0x700F,0x700F,0x600E,0x580D,0x480C,0x400B,0x580D,0x780F,0x700E,0x580C,0x3008,0x1804,
  0x0802,0x0000,0x0000,0x0000,0x0000,0x0000,0x0000,0x0000,0x0000,0x0000,0x0000,0x0000,
  0x0000,0x0000,0x0000,0x0000,0x0000,0x0000,0x0000,0x0000,0x0000,0x0000,0x0000,0x0801,
  0x2004,0x4008,0x580C,0x680E,0x680E,0x580D,0x500C,0x680E,0x600D,0x580D,0x500C,0x600D,
  0x700F,0x600E,0x600E,0x600E,0x580E,0x6810,0x8812,0x6010,0x580F,0xA014,0xA014,0x9012,
  0x7810,0x680F,0x800F,0x880F,0x880E,0x880D,0x880C,0x800B,0x900B,0x980B,0x980A,0xA80A,
  0xA80A,0xA80A,0xB00A,0xA80A,0xA00A,0x980A,0x900A,0x880A,0x800A,0x7009,0x700A,0x680A,
  0x600A,0x6809,0x6809,0x400A,0x4009,0x4808,0x3808,0x2807,0x2007,0x2006,0x2006,0x1805,
  0x1804,0x1004,0x0803,0x0802,0x0801,0x0001,0x0803,0x0803,0x0000,0x0000,0x0000,0x0000,
  0x0000,0x0000,0x0000,0x0000,0x1004,0x0802,0x0001,0x0802,0x0802,0x1003,0x1004,0x1004,
  0x1005,0x1805,0x2006,0x1807,0x3808,0x5808,0x4008,0x4809,0x5809,0x6009,0x7009,0x500A,
  0x600A,0x680A,0x780B,0x880B,0x900B,0x980B,0xA00B,0xA00B,0xA00A,0x9809,0x9809,0xA009,
  0xA00A,0xA00A,0x980A,0x900A,0x880A,0x800A,0x880C,0x780C,0x700C,0x700D,0x780F,0x700F,
  0x600F,0x6810,0x6810,0x580F,0x500F,0x7010,0x8011,0x680F,0x400C,0x600E,0x600E,0x480C,
  0x600E,0x700F,0x680E,0x500D,0x580D,0x400B,0x580D,0x680D,0x580B,0x3007,0x1803,0x0000,
  0x0000,0x0000,0x0000,0x0000,0x0000,0x0000,0x0000,0x0000,0x0000,0x0000,0x0000,0x0000,
  0x0000,0x0000,0x0000,0x0000,0x0000,0x0000,0x0000,0x0000,0x0000,0x0000,0x0000,0x0000,
  0x0000,0x1002,0x3007,0x500B,0x500C,0x580C,0x680E,0x600D,0x580C,0x480C,0x500C,0x600D,
  0x600D,0x580D,0x580D,0x580E,0x580E,0x580E,0x580F,0x580F,0x7011,0x7811,0x7011,0x7011,
  0x7811,0x8011,0x8010,0x880F,0x880E,0x700C,0x780B,0x800B,0x880A,0x880A,0x900A,0xA80B,
  0xB00B,0xA80A,0xA80A,0xA00A,0x9809,0xA00A,0x900A,0x8009,0x7809,0x780A,0x800A,0x800A,
  0x700A,0x780A,0x8009,0x5809,0x5009,0x5809,0x3809,0x2808,0x2007,0x2807,0x2006,0x1805,
  0x1004,0x1004,0x0803,0x0802,0x0802,0x0001,0x0802,0x0803,0x0000,0x0000,0x0000,0x0000,
  0x0000,0x0000,0x0000,0x0000,0x1004,0x0001,0x0001,0x0802,0x0802,0x1003,0x1004,0x1004,
  0x1005,0x1806,0x2007,0x4007,0x4808,0x5809,0x7049,0x9049,0x6009,0x9009,0x8009,0x580B,
  0x680B,0x680A,0x680A,0x780A,0x800A,0x980B,0xA80B,0xA80B,0xB00B,0xA80B,0xA80A,0xA009,
  0x9809,0x9009,0x900A,0x880A,0x800A,0x780B,0x800C,0x800D,0x680C,0x680D,0x680E,0x7010,
  0x7810,0x6810,0x580F,0x580F,0x500F,0x500E,0x680F,0x700F,0x600E,0x600E,0x600E,0x380B,
  0x400B,0x600D,0x680E,0x680E,0x680E,0x580D,0x480B,0x4009,0x2004,0x0801,0x0000,0x0000,
  0x0000,0x0000,0x0000,0x0000,0x0000,0x0000,0x0000,0x0000,0x0000,0x0000,0x0000,0x0000,
  0x0000,0x0000,0x0000,0x0000,0x0000,0x0000,0x0000,0x0000,0x0000,0x0000,0x0000,0x0000,
  0x0000,0x0000,0x0802,0x2004,0x4009,0x600C,0x600D,0x580C,0x500C,0x580C,0x680D,0x600D,
  0x580D,0x500C,0x580D,0x480C,0x400C,0x580E,0x7010,0x6810,0x500F,0x500F,0x7011,0x8012,
  0x7811,0x680F,0x8811,0x9010,0x900F,0x680C,0x780C,0x800B,0x800B,0x900B,0x980A,0x980A,
  0x980A,0x9809,0x9809,0x9009,0x9809,0x980A,0x980A,0x880A,0x8009,0x800A,0x880A,0x900A,
  0x780A,0x9809,0xA009,0x7809,0x884A,0x704A,0x3808,0x4807,0x2807,0x2006,0x1806,0x1805,
  0x1004,0x1004,0x1003,0x0802,0x0802,0x0001,0x0001,0x1004,0x0000,0x0000,0x0000,0x0000,
  0x0000,0x0000,0x0000,0x0001,0x1004,0x0001,0x0801,0x0802,0x1003,0x1004,0x1004,0x1005,
  0x1805,0x1806,0x2007,0x3808,0x4808,0x7009,0x704A,0xA08A,0x784A,0x7809,0xA009,0x800A,
  0x700A,0x680A,0x700B,0x880B,0x880A,0x880A,0x980A,0xA00A,0xA80A,0xB00B,0xB00B,0xB00B,
  0xA00A,0xA00B,0xA00B,0x900B,0x880B,0x880C,0x800C,0x780D,0x780E,0x680E,0x600E,0x600F,
  0x6810,0x7811,0x7011,0x6810,0x6810,0x580F,0x480D,0x500D,0x700F,0x680E,0x480C,0x300A,
  0x300A,0x400B,0x580D,0x680E,0x680E,0x580C,0x3808,0x1803,0x0000,0x0000,0x0000,0x0000,
  0x0000,0x0000,0x0000,0x0000,0x0000,0x0000,0x0000,0x0000,0x0000,0x0000,0x0000,0x0000,
  0x0000,0x0000,0x0000,0x0000,0x0000,0x0000,0x0000,0x0000,0x0000,0x0000,0x0000,0x0000,
  0x0000,0x0000,0x0000,0x0801,0x1803,0x3808,0x500B,0x500C,0x600D,0x680D,0x600D,0x580C,
  0x580C,0x500C,0x380B,0x400B,0x700F,0x8010,0x7010,0x500E,0x580F,0x7811,0x7811,0x580F,
  0x480E,0x500E,0x7810,0x8010,0x780E,0x680C,0x980E,0x900D,0x880B,0x900B,0x900A,0x9009,
  0x9009,0x9009,0x9008,0x9008,0xA009,0xA00A,0xA00A,0x980A,0x8809,0x880A,0x800A,0x780A,
  0x900A,0x900A,0xA00A,0x98AB,0xB92C,0x9849,0x3008,0x4007,0x3007,0x2007,0x2006,0x1805,
  0x1805,0x1004,0x1003,0x0803,0x0802,0x0001,0x0001,0x1004,0x0001,0x0000,0x0000,0x0000,
  0x0000,0x0000,0x0000,0x0802,0x0803,0x0001,0x0001,0x0802,0x0803,0x1004,0x1804,0x1805,
  0x2006,0x2007,0x2807,0x2808,0x3808,0x6809,0x7009,0xA86A,0xB94D,0xA8AB,0xA809,0xA809,
  0xA809,0xA00A,0xA80A,0x900B,0xA00B,0x900A,0x980A,0xA00A,0xA00A,0xA00A,0xA80A,0xB00B,
  0xA80B,0xB00C,0xB00C,0xA00C,0x900C,0x880C,0x800D,0x780D,0x780E,0x780F,0x700F,0x600F,
  0x600F,0x6810,0x7811,0x8812,0x8011,0x600E,0x500D,0x580E,0x680E,0x700E,0x680E,0x500D,
  0x380B,0x300A,0x400B,0x580D,0x600D,0x4809,0x1803,0x0000,0x0000,0x0000,0x0000,0x0000,
  0x0000,0x0000,0x0000,0x0000,0x0000,0x0000,0x0000,0x0000,0x0000,0x0000,0x0000,0x0000,
  0x0000,0x0000,0x0000,0x0000,0x0000,0x0000,0x0000,0x0000,0x0000,0x0000,0x0000,0x0000,
  0x0000,0x0000,0x0000,0x0000,0x0000,0x1003,0x3808,0x580C,0x600D,0x600D,0x600D,0x580C,
  0x400B,0x380A,0x480B,0x600D,0x600E,0x580D,0x600E,0x7810,0x7010,0x500F,0x480E,0x6811,
  0x8012,0x580E,0x500D,0x600E,0x700E,0x800E,0x800D,0x900D,0x900C,0x800A,0x880A,0x8809,
  0xA00A,0xA00A,0x9809,0x9809,0xA80A,0xA00A,0x980A,0xA00A,0xA80A,0x900A,0xB00A,0xA00A,
  0xC00A,0x902A,0xB8CC,0xC16D,0xB8CB,0x7808,0x4808,0x3808,0x3007,0x2007,0x2006,0x1806,
  0x1805,0x1004,0x1003,0x0803,0x0802,0x0001,0x0001,0x0803,0x0802,0x0000,0x0000,0x0000,
  0x0000,0x0000,0x0000,0x0803,0x0803,0x0001,0x0801,0x0802,0x0803,0x0803,0x1004,0x1005,
  0x1805,0x2006,0x2807,0x2808,0x5009,0x5809,0x6809,0xA80A,0xB0CC,0xE92D,0xC8AC,0xB82A,
  0xA80A,0xB80A,0xB80A,0xA80A,0xA00A,0x900A,0x9809,0xA00A,0xA80A,0xA80A,0xA009,0x9009,
  0xA00A,0xA80B,0xA80C,0xA80D,0xA80E,0x980E,0x880E,0x780E,0x700E,0x680E,0x700F,0x7811,
  0x7010,0x600F,0x580F,0x6810,0x7810,0x700F,0x700F,0x600E,0x580D,0x580D,0x500C,0x680E,
  0x600D,0x400B,0x380B,0x400B,0x480A,0x2806,0x0801,0x0000,0x0000,0x0000,0x0000,0x0000,
  0x0000,0x0000,0x0000,0x0000,0x0000,0x0000,0x0000,0x0000,0x0000,0x0000,0x0000,0x0000,
  0x0000,0x0000,0x0000,0x0000,0x0000,0x0000,0x0000,0x0000,0x0000,0x0000,0x0000,0x0000,
  0x0000,0x0000,0x0000,0x0000,0x0000,0x0000,0x2005,0x500A,0x600D,0x600D,0x500C,0x300A,
  0x380A,0x580C,0x580C,0x480C,0x500C,0x680E,0x680F,0x600E,0x480D,0x380D,0x480E,0x5810,
  0x6010,0x600F,0x7810,0x9011,0x9811,0x900F,0x700C,0x780C,0x880C,0x780A,0x800A,0x980A,
  0xA80B,0xA80B,0xA80A,0x9809,0x9809,0xA00A,0xA00A,0xA00B,0xB809,0xB009,0xC009,0xB809,
  0xD02A,0xD0EC,0xD94D,0xD08B,0x9829,0x6008,0x4808,0x5808,0x3808,0x2807,0x2006,0x2006,
  0x1805,0x1004,0x1004,0x0803,0x0802,0x0802,0x0001,0x0803,0x0803,0x0000,0x0000,0x0000,
  0x0000,0x0000,0x0000,0x1004,0x0802,0x0001,0x0802,0x0802,0x0803,0x0803,0x1004,0x1005,
  0x1805,0x1806,0x2807,0x2808,0x3009,0x3009,0x7009,0x9809,0xA82A,0xD0CC,0xF12D,0xD8EC,
  0xD04A,0xC00A,0xB00A,0xB80A,0x900A,0x900A,0x9009,0x9009,0x9809,0x9809,0x9809,0x9009,
  0x9009,0xA00B,0xA00C,0xA00D,0x980D,0x900D,0x900F,0x9010,0x8010,0x780F,0x600F,0x580F,
  0x600F,0x6810,0x7010,0x680F,0x600E,0x600E,0x680E,0x680E,0x580D,0x480B,0x380B,0x400B,
  0x680E,0x700E,0x500C,0x380A,0x2807,0x1002,0x0000,0x0000,0x0000,0x0000,0x0000,0x0000,
  0x0000,0x0000,0x0000,0x0000,0x0000,0x0000,0x0000,0x0000,0x0000,0x0000,0x0000,0x0000,
  0x0000,0x0000,0x0000,0x0000,0x0000,0x0000,0x0000,0x0000,0x0000,0x0000,0x0000,0x0000,
  0x0000,0x0000,0x0000,0x0000,0x0000,0x0000,0x1002,0x4008,0x580C,0x400B,0x300A,0x480B,
  0x580C,0x480B,0x480B,0x600D,0x600D,0x500C,0x500D,0x600E,0x680F,0x600F,0x480E,0x6811,
  0x7811,0x7011,0x7010,0x9012,0x9011,0x9010,0x680C,0x680B,0x800C,0x800B,0x880A,0xA00B,
  0xA00B,0xA00A,0xA00A,0xA00A,0x9809,0xA00A,0xA00A,0xA80A,0xC009,0xC809,0xD809,0xD04A,
  0xD8CC,0xE98E,0xD8CC,0xB02A,0xA809,0x9009,0x5008,0x4008,0x3808,0x2807,0x2006,0x2006,
  0x1805,0x1004,0x1004,0x0803,0x0802,0x0802,0x0001,0x0802,0x1004,0x0000,0x0000,0x0000,
  0x0000,0x0000,0x0000,0x1004,0x0001,0x0001,0x0802,0x0802,0x0803,0x1004,0x1004,0x1805,
  0x1806,0x1806,0x2007,0x2808,0x3008,0x4009,0x7809,0xA809,0xB009,0xC02A,0xE12D,0xF12D,
  0xE8EC,0xD88B,0xD009,0xC809,0xC009,0xA809,0xA009,0xA809,0x9809,0x9809,0x9009,0x9009,
  0x9009,0x880A,0x900B,0x880B,0x780B,0x780C,0x780D,0x780E,0x8810,0x8011,0x8011,0x7010,
  0x580F,0x480E,0x580F,0x7010,0x680F,0x600E,0x580D,0x600E,0x680E,0x600D,0x500C,0x400B,
  0x600D,0x600D,0x600D,0x4009,0x1804,0x0000,0x0000,0x0000,0x0000,0x0000,0x0000,0x0000,
  0x0000,0x0000,0x0000,0x0000,0x0000,0x0000,0x0000,0x0000,0x0000,0x0000,0x0000,0x0000,
  0x0000,0x0000,0x0000,0x0000,0x0000,0x0000,0x0000,0x0000,0x0000,0x0000,0x0000,0x0000,
  0x0000,0x0000,0x0000,0x0000,0x0000,0x0000,0x0000,0x2004,0x500A,0x500C,0x500C,0x500B,
  0x480B,0x580C,0x600D,0x680D,0x500C,0x300A,0x480C,0x600E,0x7810,0x8011,0x6810,0x9013,
  0x8012,0x500E,0x500E,0x7010,0x8811,0x780E,0x680C,0x900E,0xA00E,0x900C,0x800A,0xA00B,
  0xA00B,0xA00A,0xA00A,0xA00A,0x9809,0x8808,0x9009,0xC809,0xD008,0xD009,0xD86A,0xE8AB,
  0xF0CC,0xE0CC,0xC82A,0xB809,0xB009,0x7809,0x3009,0x2808,0x2807,0x2007,0x2006,0x1806,
  0x1805,0x1004,0x1004,0x1003,0x0803,0x0802,0x0001,0x0801,0x1004,0x0000,0x0000,0x0000,
  0x0000,0x0000,0x0001,0x1004,0x0001,0x0001,0x0802,0x0803,0x0803,0x1004,0x1004,0x1805,
  0x1806,0x1806,0x2007,0x2808,0x2808,0x6009,0x6809,0x8009,0x980A,0xA80A,0xC84B,0xE8EC,
  0xF8AB,0xF12D,0xE08B,0xD00A,0xC809,0xC809,0xB809,0xB809,0xA009,0xB009,0x980A,0xA80B,
  0xA00B,0x880A,0x800A,0x780B,0x700B,0x700C,0x680C,0x780E,0x7810,0x580E,0x580F,0x8011,
  0x7811,0x600F,0x600F,0x500E,0x480C,0x580D,0x680E,0x680E,0x680E,0x680D,0x600D,0x600D,
  0x580C,0x480B,0x400A,0x3006,0x0801,0x0000,0x0000,0x0000,0x0000,0x0000,0x0000,0x0000,
  0x0000,0x0000,0x0000,0x0000,0x0000,0x0000,0x0000,0x0000,0x0000,0x0000,0x0000,0x0000,
  0x0000,0x0000,0x0000,0x0000,0x0000,0x0000,0x0000,0x0000,0x0000,0x0000,0x0000,0x0000,
  0x0000,0x0000,0x0000,0x0000,0x0000,0x0000,0x0000,0x0801,0x3006,0x580B,0x580C,0x500C,
  0x600C,0x580C,0x400A,0x400B,0x380A,0x400B,0x500C,0x600D,0x680F,0x580E,0x480E,0x500F,
  0x500F,0x500E,0x500E,0x500E,0x580E,0x580D,0x780E,0x980F,0x980E,0xA00E,0x900C,0x900B,
  0xA00B,0xA00B,0xA80A,0xA00A,0xB009,0xB808,0xB009,0xC809,0xD809,0xD86B,0xF0AC,0xF8CB,
  0xE8EC,0xD04A,0xC009,0xB009,0x700A,0x580A,0x4009,0x3809,0x3808,0x3008,0x2807,0x2006,
  0x2006,0x1805,0x1004,0x1003,0x0803,0x0802,0x0001,0x0001,0x1004,0x0001,0x0000,0x0000,
  0x0000,0x0000,0x0802,0x1004,0x0001,0x0001,0x0802,0x0803,0x0803,0x1004,0x1005,0x1805,
  0x1806,0x2006,0x2007,0x2808,0x2808,0x4809,0x5009,0x6009,0xA009,0xA809,0xB009,0xD86A,
  0xF0EC,0xF94D,0xE94E,0xE0AB,0xD82A,0xD809,0xD809,0xD009,0xC009,0x9808,0xA009,0x9809,
  0x880A,0x880A,0x880B,0x800B,0x800D,0x800D,0x780E,0x700E,0x680F,0x680F,0x600F,0x7011,
  0x580F,0x480E,0x7810,0x700F,0x600E,0x680E,0x580D,0x580C,0x600D,0x680D,0x600D,0x600D,
  0x600D,0x500B,0x2806,0x0802,0x0000,0x0000,0x0000,0x0000,0x0000,0x0000,0x0000,0x0000,
  0x0000,0x0000,0x0000,0x0000,0x0000,0x0000,0x0000,0x0000,0x0000,0x0000,0x0000,0x0000,
  0x0000,0x0000,0x0000,0x0000,0x0000,0x0000,0x0000,0x0000,0x0000,0x0000,0x0000,0x0000,
  0x0000,0x0000,0x0000,0x0000,0x0000,0x0000,0x0000,0x0000,0x1002,0x3807,0x600C,0x580C,
  0x480B,0x500B,0x380A,0x380A,0x480B,0x500C,0x600D,0x580D,0x500D,0x580E,0x500E,0x480E,
  0x580F,0x8012,0x7811,0x500E,0x600F,0x700E,0x800F,0xA010,0x980E,0x980D,0x980C,0x800A,
  0x880A,0x900A,0xB80A,0xB80A,0xB80A,0xD809,0xE009,0xE009,0xE86B,0xF8AB,0xF8AB,0xF0CC,
  0xD86B,0xC009,0xC009,0x980A,0x580B,0x580A,0x4809,0x4009,0x3008,0x2807,0x2007,0x1806,
  0x1805,0x1805,0x1004,0x0803,0x0803,0x0802,0x0001,0x0001,0x1004,0x0001,0x0000,0x0000,
  0x0000,0x0000,0x0802,0x1003,0x0001,0x0001,0x0802,0x0803,0x0803,0x1004,0x1005,0x1805,
  0x1806,0x2007,0x2807,0x3008,0x3809,0x3809,0x3809,0x5009,0x500A,0x8809,0xA809,0xC809,
  0xD86B,0xF16E,0xF1EF,0xF18E,0xE8EC,0xD829,0xD809,0xD009,0xB809,0x9809,0xA809,0xA009,
  0x900A,0x880A,0x880B,0x900C,0x780C,0x700D,0x700E,0x780F,0x700F,0x680F,0x8812,0x8011,
  0x580F,0x500E,0x580E,0x480D,0x600D,0x700E,0x680E,0x600D,0x580C,0x580C,0x500C,0x580C,
  0x580C,0x3808,0x1003,0x0000,0x0000,0x0000,0x0000,0x0000,0x0000,0x0000,0x0000,0x0000,
  0x0000,0x0000,0x0000,0x0000,0x0000,0x0000,0x0000,0x0000,0x0000,0x0000,0x0000,0x0000,
  0x0000,0x0000,0x0000,0x0000,0x0000,0x0000,0x0000,0x0000,0x0000,0x0000,0x0000,0x0000,
  0x0000,0x0000,0x0000,0x0000,0x0000,0x0000,0x0000,0x0000,0x0000,0x1803,0x4008,0x480A,
  0x3009,0x580C,0x600C,0x500B,0x480B,0x580C,0x600D,0x600D,0x500D,0x500D,0x500E,0x500E,
  0x6810,0x9013,0x7811,0x7811,0x9812,0x8010,0x580C,0x780E,0x980F,0x980E,0xA00D,0xA00B,
  0x900A,0xA80A,0xC809,0xC809,0xB809,0xE009,0xE02A,0xE88B,0xF8EC,0xF8CB,0xF0CB,0xE06B,
  0xB80A,0xC809,0x980A,0x680B,0x600A,0x500A,0x4009,0x3808,0x3008,0x2807,0x2007,0x1806,
  0x1805,0x1005,0x1004,0x0803,0x0803,0x0802,0x0001,0x0001,0x0803,0x0802,0x0000,0x0000,
  0x0000,0x0000,0x0803,0x0803,0x0001,0x0802,0x0802,0x0803,0x1003,0x1004,0x1005,0x1805,
  0x1806,0x2007,0x2808,0x3008,0x3809,0x3809,0x3809,0x4009,0x480A,0x900A,0xB00A,0xC009,
  0xC809,0xE08B,0xF18E,0xF92D,0xF94D,0xF12D,0xD84A,0xD809,0xD009,0xC809,0xC009,0xC00A,
  0xB00B,0xA80C,0xB00D,0xA00E,0x700C,0x680C,0x600C,0x600D,0x600E,0x600F,0x6810,0x6810,
  0x580F,0x600F,0x600E,0x500D,0x500D,0x580D,0x580D,0x600D,0x680D,0x680D,0x500C,0x480B,
  0x4009,0x2004,0x0000,0x0000,0x0000,0x0000,0x0000,0x0000,0x0000,0x0000,0x0000,0x0000,
  0x0000,0x0000,0x0000,0x0000,0x0000,0x0000,0x0000,0x0000,0x0000,0x0000,0x0000,0x0000,
  0x0000,0x0000,0x0000,0x0000,0x0000,0x0000,0x0000,0x0000,0x0000,0x0000,0x0000,0x0000,
  0x0000,0x0000,0x0000,0x0000,0x0000,0x0000,0x0000,0x0000,0x0000,0x0001,0x2805,0x500A,
  0x500B,0x580C,0x580C,0x500B,0x480B,0x580C,0x580C,0x600D,0x580D,0x600E,0x680F,0x6810,
  0x6810,0x6010,0x6810,0x8812,0x9012,0x8010,0x600D,0x680D,0x800D,0x900D,0xA00D,0x980B,
  0xA00A,0xA00A,0xB009,0xD809,0xE009,0xE86B,0xF0EC,0xF94D,0xF96E,0xF10C,0xE8AB,0xD009,
  0xB00A,0xA00A,0x800A,0x700A,0x500A,0x4809,0x4009,0x4009,0x3808,0x3008,0x2807,0x2006,
  0x1805,0x1005,0x1004,0x1004,0x0803,0x0802,0x0801,0x0001,0x0803,0x0803,0x0000,0x0000,
  0x0000,0x0000,0x0803,0x0803,0x0001,0x0802,0x0803,0x1003,0x1004,0x1805,0x1805,0x2006,
  0x2007,0x2808,0x3008,0x3809,0x4009,0x400A,0x400A,0x480A,0x580A,0x880A,0xB00A,0x900A,
  0xA809,0xD809,0xE0AB,0xF12C,0xF8CB,0xF94D,0xF10D,0xE06B,0xD809,0xD809,0xC809,0xE009,
  0xB80A,0x980C,0xA80D,0x880C,0x680C,0x680C,0x600D,0x580D,0x500D,0x480D,0x500E,0x500E,
  0x500E,0x580E,0x600E,0x500D,0x500D,0x580D,0x580D,0x580C,0x500C,0x480B,0x400B,0x500B,
  0x3006,0x0801,0x0000,0x0000,0x0000,0x0000,0x0000,0x0000,0x0000,0x0000,0x0000,0x0000,
  0x0000,0x0000,0x0000,0x0000,0x0000,0x0000,0x0000,0x0000,0x0000,0x0000,0x0000,0x0000,
  0x0000,0x0000,0x0000,0x0000,0x0000,0x0000,0x0000,0x0000,0x0000,0x0000,0x0000,0x0000,
  0x0000,0x0000,0x0000,0x0000,0x0000,0x0000,0x0000,0x0000,0x0000,0x0000,0x1804,0x4009,
  0x480B,0x500B,0x580B,0x500B,0x480B,0x500B,0x600D,0x600D,0x600D,0x700F,0x7810,0x7811,
  0x7010,0x6810,0x8012,0x8812,0x9012,0x8811,0x600D,0x680D,0x700C,0x800C,0x880C,0x980B,
  0x980B,0xB00A,0xD809,0xE009,0xE8AB,0xF14D,0xF8CB,0xF96D,0xF96E,0xE8AC,0xD00A,0xB809,
  0xB009,0x780A,0x800A,0x680A,0x500A,0x4809,0x4809,0x4009,0x3808,0x3008,0x2807,0x2006,
  0x1806,0x1005,0x1004,0x1003,0x0803,0x0802,0x0802,0x0001,0x0802,0x0803,0x0000,0x0000,
  0x0000,0x0000,0x1004,0x0802,0x0001,0x0802,0x0803,0x1003,0x1004,0x1805,0x1805,0x2006,
  0x2007,0x2807,0x3008,0x3009,0x400A,0x480A,0x500B,0x580B,0x780A,0x680B,0x880A,0x880A,
  0xB00A,0xD00A,0xD00A,0xE8AB,0xF96D,0xF8AB,0xF8AB,0xF8EC,0xE8AB,0xE029,0xD809,0xD809,
  0xC00A,0xA80C,0x900D,0x780B,0x680C,0x680C,0x600D,0x500D,0x500E,0x680F,0x480D,0x400D,
  0x480D,0x680F,0x700F,0x500D,0x380B,0x400B,0x480B,0x500C,0x580C,0x500C,0x500B,0x4009,
  0x1803,0x0000,0x0000,0x0000,0x0000,0x0000,0x0000,0x0000,0x0000,0x0000,0x0000,0x0000,
  0x0000,0x0000,0x0000,0x0000,0x0000,0x0000,0x0000,0x0000,0x0000,0x0000,0x0000,0x0000,
  0x0000,0x0000,0x0000,0x0000,0x0000,0x0000,0x0000,0x0000,0x0000,0x0000,0x0000,0x0000,
  0x0000,0x0000,0x0000,0x0000,0x0000,0x0000,0x0000,0x0000,0x0000,0x0000,0x1002,0x3808,
  0x500B,0x500B,0x480B,0x500B,0x500B,0x500B,0x500B,0x480B,0x500C,0x700E,0x7810,0x7810,
  0x8011,0x8812,0x8813,0x9013,0x9813,0x8811,0x700F,0x780E,0x880E,0x900C,0xA80B,0xD009,
  0xC009,0xD809,0xE04A,0xF10D,0xF18E,0xF8EC,0xF92C,0xF98E,0xE8CC,0xE00A,0xC009,0xC009,
  0xA809,0x7809,0x5809,0x5009,0x4809,0x4009,0x4009,0x3809,0x3808,0x3008,0x2807,0x2006,
  0x1806,0x1805,0x1004,0x1004,0x0803,0x0802,0x0802,0x0001,0x0802,0x0803,0x0000,0x0000,
  0x0000,0x0000,0x1004,0x0802,0x0001,0x0802,0x0803,0x1003,0x1004,0x1805,0x1805,0x2006,
  0x2807,0x2808,0x2808,0x3009,0x400A,0x480A,0x500A,0x580B,0x600B,0x680B,0x680B,0x780A,
  0xA00A,0xA80A,0xC80A,0xE00A,0xE8EC,0xF92D,0xF94D,0xF92D,0xF90D,0xE8CC,0xE04A,0xD809,
  0xD809,0xD009,0xB00A,0x980B,0x980C,0x800D,0x700F,0x700F,0x7010,0x7811,0x580F,0x480E,
  0x500E,0x7810,0x700F,0x580D,0x380B,0x380A,0x300A,0x380A,0x500C,0x580C,0x500C,0x4009,
  0x1002,0x0000,0x0000,0x0000,0x0000,0x0000,0x0000,0x0000,0x0000,0x0000,0x0000,0x0000,
  0x0000,0x0000,0x0000,0x0000,0x0000,0x0000,0x0000,0x0000,0x0000,0x0000,0x0000,0x0000,
  0x0000,0x0000,0x0000,0x0000,0x0000,0x0000,0x0000,0x0000,0x0000,0x0000,0x0000,0x0000,
  0x0000,0x0000,0x0000,0x0000,0x0000,0x0000,0x0000,0x0000,0x0000,0x0000,0x1002,0x3807,
  0x500B,0x500B,0x500B,0x580B,0x500B,0x480B,0x400A,0x400B,0x480B,0x600D,0x7810,0x8011,
  0x8812,0x9013,0x9013,0x9013,0x8812,0x780F,0x700F,0x800E,0x980C,0x980B,0xA80A,0xC80A,
  0xD009,0xE06A,0xF0ED,0xF96E,0xF98E,0xF94D,0xF96E,0xE8EC,0xE009,0xD009,0xC809,0x9809,
  0x8809,0x800A,0x680A,0x5809,0x5009,0x4809,0x4009,0x3809,0x3808,0x3008,0x2807,0x2006,
  0x1806,0x1805,0x1804,0x1004,0x0803,0x0802,0x0802,0x0001,0x0802,0x1004,0x0000,0x0000,
  0x0000,0x0000,0x1004,0x0802,0x0001,0x0802,0x0802,0x0803,0x1004,0x1005,0x1805,0x2006,
  0x2007,0x2808,0x2808,0x2808,0x3009,0x3809,0x480A,0x500A,0x580B,0x600A,0x580A,0x7009,
  0x900A,0x980A,0xD009,0xD009,0xD829,0xE8CC,0xF98E,0xFB53,0xFAD2,0xF90D,0xF14D,0xE88B,
  0xE00A,0xD80A,0xD00A,0xC00B,0xA00C,0x800D,0x700E,0x880E,0x700F,0x6810,0x7010,0x6810,
  0x680F,0x680F,0x680E,0x580D,0x500C,0x600D,0x580C,0x480B,0x480B,0x400B,0x380A,0x3007,
  0x1002,0x0000,0x0000,0x0000,0x0000,0x0000,0x0000,0x0000,0x0000,0x0000,0x0000,0x0000,
  0x0000,0x0000,0x0000,0x0000,0x0000,0x0000,0x0000,0x0000,0x0000,0x0000,0x0000,0x0000,
  0x0000,0x0000,0x0000,0x0000,0x0000,0x0000,0x0000,0x0000,0x0000,0x0000,0x0000,0x0000,
  0x0000,0x0000,0x0000,0x0000,0x0000,0x0000,0x0000,0x0000,0x0000,0x0000,0x0801,0x2806,
  0x500A,0x500B,0x580B,0x600C,0x580C,0x580B,0x580B,0x580C,0x580C,0x580D,0x600E,0x680F,
  0x6810,0x7011,0x7011,0x7011,0x6010,0x900E,0x880E,0x700E,0x980B,0xB80A,0xD00A,0xD009,
  0xE06B,0xF10D,0xF98E,0xF96D,0xFA50,0xF9AE,0xE8AB,0xE02A,0xD009,0xD809,0xB009,0x780A,
  0x800A,0x800A,0x700A,0x5809,0x5009,0x4809,0x4009,0x3808,0x3008,0x2807,0x2007,0x1806,
  0x1805,0x1005,0x1004,0x1004,0x0803,0x0802,0x0802,0x0001,0x0802,0x1004,0x0000,0x0000,
  0x0000,0x0000,0x1004,0x0001,0x0001,0x0802,0x0802,0x0803,0x1004,0x1004,0x1805,0x2006,
  0x2007,0x2808,0x3008,0x3009,0x3009,0x3809,0x4009,0x480A,0x500A,0x580A,0x600A,0x780A,
  0xB00A,0xB00A,0x9809,0xB809,0xD809,0xE02A,0xF0CC,0xFA50,0xFA0F,0xF90C,0xF96E,0xF94D,
  0xE8AB,0xE02A,0xC80A,0xD00A,0xA80C,0x900D,0xA80C,0xA00D,0x700F,0x680F,0x600F,0x580E,
  0x600E,0x600E,0x580D,0x580D,0x580C,0x600D,0x580C,0x580C,0x580C,0x580C,0x500B,0x3007,
  0x0802,0x0000,0x0000,0x0000,0x0000,0x0000,0x0000,0x0000,0x0000,0x0000,0x0000,0x0000,
  0x0000,0x0000,0x0000,0x0000,0x0000,0x0000,0x0000,0x0000,0x0000,0x0000,0x0000,0x0000,
  0x0000,0x0000,0x0000,0x0000,0x0000,0x0000,0x0000,0x0000,0x0000,0x0000,0x0000,0x0000,
  0x0000,0x0000,0x0000,0x0000,0x0000,0x0000,0x0000,0x0000,0x0000,0x0000,0x0000,0x2004,
  0x4809,0x500B,0x580B,0x580B,0x580B,0x580B,0x580C,0x580C,0x500C,0x500C,0x500D,0x580E,
  0x500E,0x500F,0x580F,0x600F,0x580F,0x580E,0x600D,0xA00B,0xB00B,0xC00A,0xD80A,0xE88B,
  0xF94D,0xF94D,0xF8CB,0xF96D,0xF9EF,0xE88B,0xE02A,0xD009,0xC809,0xC009,0x9009,0x8809,
  0x7009,0x700A,0x680A,0x5809,0x4809,0x4009,0x3808,0x3008,0x2808,0x2807,0x2007,0x1806,
  0x1806,0x1805,0x1004,0x1004,0x0803,0x0802,0x0802,0x0001,0x0001,0x1004,0x0000,0x0000,
  0x0000,0x0000,0x1004,0x0001,0x0001,0x0802,0x0802,0x0803,0x1004,0x1004,0x1805,0x2006,
  0x2007,0x2808,0x3008,0x3809,0x3809,0x3809,0x480A,0x500A,0x580A,0x600A,0x680A,0x780B,
  0x880B,0x880A,0x880B,0xB00A,0xD809,0xD809,0xE02A,0xF0CC,0xF8EC,0xF8CB,0xF88B,0xF8CB,
  0xF96E,0xF0ED,0xE82B,0xD00A,0xC00A,0xB00A,0x780C,0x700C,0x500E,0x480E,0x500E,0x480E,
  0x480D,0x480C,0x400B,0x400B,0x400B,0x400B,0x400B,0x480B,0x480B,0x480B,0x500B,0x3808,
  0x1002,0x0000,0x0000,0x0000,0x0000,0x0000,0x0000,0x0000,0x0000,0x0000,0x0000,0x0000,
  0x0000,0x0000,0x0000,0x0000,0x0000,0x0000,0x0000,0x0000,0x0000,0x0000,0x0000,0x0000,
  0x0000,0x0000,0x0000,0x0000,0x0000,0x0000,0x0000,0x0000,0x0000,0x0000,0x0000,0x0000,
  0x0000,0x0000,0x0000,0x0000,0x0000,0x0000,0x0000,0x0000,0x0000,0x0000,0x0000,0x1803,
  0x4008,0x500B,0x580B,0x580B,0x500B,0x500B,0x500B,0x580B,0x580C,0x600D,0x500D,0x500D,
  0x480D,0x580D,0x580E,0x500E,0x500E,0x780C,0xA00B,0xC80A,0xC80A,0xD82A,0xE8CC,0xF94D,
  0xF90C,0xF8CB,0xF8AB,0xF94D,0xF0AC,0xE029,0xE009,0xC009,0xB808,0xA809,0xB009,0x9009,
  0x7009,0x6809,0x6009,0x5809,0x5009,0x4009,0x3808,0x3808,0x3008,0x2807,0x2007,0x2006,
  0x1806,0x1805,0x1004,0x1004,0x1003,0x0802,0x0802,0x0001,0x0001,0x1004,0x0000,0x0000,
  0x0000,0x0000,0x1004,0x0001,0x0001,0x0802,0x0803,0x1003,0x1004,0x1004,0x1805,0x2006,
  0x2007,0x2808,0x3008,0x3809,0x3809,0x3809,0x400A,0x500A,0x580A,0x600A,0x680A,0x700A,
  0x780A,0x880B,0x980B,0xA80B,0xC80A,0xC809,0xD809,0xE02A,0xF0AB,0xF8AB,0xF849,0xF8EC,
  0xF8AA,0xF8EC,0xF10D,0xE04B,0xD00A,0xC80A,0xB00B,0x700D,0x800C,0x800C,0x500F,0x500C,
  0x500D,0x400C,0x300A,0x300A,0x3009,0x380A,0x380A,0x3009,0x500B,0x400A,0x2808,0x1805,
  0x0801,0x0000,0x0000,0x0000,0x0000,0x0000,0x0000,0x0000,0x0000,0x0000,0x0000,0x0000,
  0x0000,0x0000,0x0000,0x0000,0x0000,0x0000,0x0000,0x0000,0x0000,0x0000,0x0000,0x0000,
  0x0000,0x0000,0x0000,0x0000,0x0000,0x0000,0x0000,0x0000,0x0000,0x0000,0x0000,0x0000,
  0x0000,0x0000,0x0000,0x0000,0x0000,0x0000,0x0000,0x0000,0x0000,0x0000,0x0000,0x1002,
  0x3007,0x480A,0x480A,0x500A,0x500B,0x500B,0x500B,0x500B,0x500C,0x600D,0x500D,0x400C,
  0x300C,0x400C,0x600C,0x700C,0x780C,0xB00B,0xC00A,0xC80A,0xE06B,0xF0CC,0xF90C,0xF8EC,
  0xF8CB,0xF8EB,0xF90C,0xF0AC,0xD82A,0xD809,0xD009,0xB80A,0xA80A,0xB809,0xB009,0x880A,
  0x780A,0x700A,0x680A,0x600A,0x5809,0x4809,0x4009,0x3809,0x3008,0x3008,0x2807,0x2006,
  0x1806,0x1805,0x1805,0x1004,0x1003,0x0803,0x0802,0x0001,0x0001,0x1004,0x0000,0x0000,
  0x0000,0x0000,0x1004,0x0001,0x0001,0x0802,0x0803,0x1003,0x1004,0x1004,0x1005,0x1806,
  0x2007,0x2007,0x2808,0x2808,0x3008,0x3009,0x4009,0x4009,0x500A,0x580A,0x680A,0x780B,
  0x800B,0x900B,0x980B,0xA00A,0xC809,0xD009,0xC809,0xD809,0xE029,0xF08B,0xF8CC,0xF8AB,
  0xF806,0xF849,0xF92D,0xF90D,0xE86C,0xD82B,0xD00A,0xD00C,0xC00C,0xB80C,0x880F,0x700D,
  0x680F,0x600E,0x580C,0x500C,0x480B,0x500B,0x500B,0x480B,0x580C,0x500B,0x3809,0x2005,
  0x0001,0x0000,0x0000,0x0000,0x0000,0x0000,0x0000,0x0000,0x0000,0x0000,0x0000,0x0000,
  0x0000,0x0000,0x0000,0x0000,0x0000,0x0000,0x0000,0x0000,0x0000,0x0000,0x0000,0x0000,
  0x0000,0x0000,0x0000,0x0000,0x0000,0x0000,0x0000,0x0000,0x0000,0x0000,0x0000,0x0000,
  0x0000,0x0000,0x0000,0x0000,0x0000,0x0000,0x0000,0x0000,0x0000,0x0000,0x0000,0x0801,
  0x2806,0x4009,0x480A,0x500A,0x480A,0x480A,0x480A,0x480B,0x500B,0x580C,0x500D,0x500D,
  0x700C,0x500E,0x680D,0x800D,0xB80C,0xC00B,0xD02B,0xE0AC,0xF0ED,0xF90D,0xF8CB,0xF8EC,
  0xF8EB,0xF8EC,0xF0CC,0xE04A,0xD809,0xE009,0xB80A,0xA00A,0xA80A,0xA009,0x880A,0x8009,
  0x7809,0x7009,0x680A,0x600A,0x580A,0x500A,0x4809,0x4009,0x3809,0x3008,0x2808,0x2807,
  0x2006,0x1805,0x1805,0x1004,0x1003,0x0803,0x0802,0x0001,0x0001,0x1004,0x0000,0x0000,
  0x0000,0x0000,0x1004,0x0001,0x0001,0x0802,0x0803,0x1003,0x1004,0x1004,0x1005,0x1806,
  0x1806,0x2007,0x2808,0x2808,0x3009,0x3809,0x400A,0x480A,0x500A,0x600A,0x700B,0x800B,
  0x880B,0x900B,0x980B,0xA00B,0xA00A,0xB80A,0xC809,0xD008,0xD009,0xD829,0xF0AC,0xF8EC,
  0xF8CB,0xF92D,0xF8CB,0xF92D,0xF96E,0xE8CC,0xD82B,0xC80A,0xB00B,0x980B,0xC00A,0x780C,
  0x700C,0x600C,0x400C,0x480B,0x480B,0x480B,0x480B,0x500B,0x500B,0x500B,0x480A,0x2805,
  0x0000,0x0000,0x0000,0x0000,0x0000,0x0000,0x0000,0x0000,0x0000,0x0000,0x0000,0x0000,
  0x0000,0x0000,0x0000,0x0000,0x0000,0x0000,0x0000,0x0000,0x0000,0x0000,0x0000,0x0000,
  0x0000,0x0000,0x0000,0x0000,0x0000,0x0000,0x0000,0x0000,0x0000,0x0000,0x0000,0x0000,
  0x0000,0x0000,0x0000,0x0000,0x0000,0x0000,0x0000,0x0000,0x0000,0x0000,0x0000,0x0000,
  0x2805,0x4809,0x500A,0x500A,0x500A,0x500A,0x500B,0x500B,0x500B,0x500C,0x500D,0x680D,
  0x700D,0xB00C,0xB00D,0xB80C,0xD80C,0xD88C,0xE90D,0xF94D,0xF8EC,0xF90C,0xF8EC,0xF8CB,
  0xF90C,0xF10D,0xE04A,0xD809,0xD009,0xB009,0xA809,0xA00A,0xA80A,0x980A,0x900A,0x880A,
  0x800A,0x780A,0x700A,0x680A,0x580A,0x500A,0x4809,0x4009,0x3809,0x3809,0x3008,0x2807,
  0x2006,0x1805,0x1004,0x1004,0x1003,0x0802,0x0802,0x0001,0x0001,0x1004,0x0000,0x0000,
  0x0000,0x0000,0x1004,0x0001,0x0001,0x0802,0x0803,0x1003,0x1004,0x1004,0x1805,0x2006,
  0x2007,0x2808,0x3008,0x3009,0x3809,0x400A,0x480A,0x500A,0x580B,0x680B,0x780C,0x800B,
  0x880B,0x900B,0x980B,0xA00B,0xA00A,0xA00A,0xB00A,0xD809,0xC009,0xD009,0xE84A,0xF10D,
  0xF98E,0xF9AE,0xF9CF,0xF98E,0xF9EF,0xF9EF,0xF16E,0xE0CD,0xC82B,0xB00A,0xB00A,0x880A,
  0x980A,0x480B,0x500A,0x3009,0x2809,0x2808,0x2808,0x3008,0x3009,0x3009,0x3008,0x1803,
  0x0000,0x0000,0x0000,0x0000,0x0000,0x0000,0x0000,0x0000,0x0000,0x0000,0x0000,0x0000,
  0x0000,0x0000,0x0000,0x0000,0x0000,0x0000,0x0000,0x0000,0x0000,0x0000,0x0000,0x0000,
  0x0000,0x0000,0x0000,0x0000,0x0000,0x0000,0x0000,0x0000,0x0000,0x0000,0x0000,0x0000,
  0x0000,0x0000,0x0000,0x0000,0x0000,0x0000,0x0000,0x0000,0x0000,0x0000,0x0000,0x0000,
  0x2004,0x3808,0x3809,0x3809,0x3809,0x3809,0x3009,0x3809,0x400A,0x480A,0x780B,0x900B,
  0x780C,0xC00D,0xD00C,0xD02B,0xE8CD,0xF12D,0xF94D,0xF8CB,0xF8AA,0xF8EC,0xF90C,0xF92D,
  0xF12D,0xE84B,0xD809,0xD009,0xC809,0xC008,0xA009,0xA809,0x9809,0x900A,0x900A,0x900A,
  0x880B,0x800B,0x780B,0x700B,0x600A,0x580A,0x500A,0x4809,0x4009,0x3808,0x3008,0x2807,
  0x1806,0x1805,0x1005,0x1004,0x0803,0x0803,0x0802,0x0001,0x0001,0x1004,0x0000,0x0000,
  0x0000,0x0000,0x1004,0x0001,0x0001,0x0802,0x0803,0x1003,0x1004,0x1805,0x1806,0x2006,
  0x2807,0x2808,0x3008,0x3809,0x400A,0x480A,0x500B,0x580B,0x600B,0x680B,0x700B,0x800B,
  0x880B,0x900B,0x980B,0xA80B,0xA80B,0xA80B,0xA80B,0xB80A,0xB80A,0xD809,0xE009,0xE86B,
  0xF16E,0xF9EF,0xFA30,0xF90C,0xF9AE,0xF92C,0xF8EB,0xF96D,0xF12D,0xD08C,0xC00B,0xB80A,
  0xA80B,0xB00B,0x780B,0x500B,0x400B,0x480A,0x480A,0x480B,0x500B,0x500B,0x4009,0x2004,
  0x0000,0x0000,0x0000,0x0000,0x0000,0x0000,0x0000,0x0000,0x0000,0x0000,0x0000,0x0000,
  0x0000,0x0000,0x0000,0x0000,0x0000,0x0000,0x0000,0x0000,0x0000,0x0000,0x0000,0x0000,
  0x0000,0x0000,0x0000,0x0000,0x0000,0x0000,0x0000,0x0000,0x0000,0x0000,0x0000,0x0000,
  0x0000,0x0000,0x0000,0x0000,0x0000,0x0000,0x0000,0x0000,0x0000,0x0000,0x0000,0x0000,
  0x2004,0x3808,0x4009,0x4009,0x4009,0x4009,0x580A,0x400A,0x500A,0x880A,0x980B,0xB80B,
  0xA80B,0xC80B,0xD84B,0xE8CD,0xF8EC,0xF88A,0xF96D,0xF9EF,0xF90D,0xF8CC,0xF8EC,0xF0EC,
  0xE00A,0xE00A,0xD00A,0xC00A,0xB809,0xA809,0x9809,0x9809,0x9009,0x9009,0x8809,0x8009,
  0x7809,0x7009,0x700A,0x680A,0x600A,0x5009,0x4009,0x3809,0x3008,0x2807,0x2007,0x2006,
  0x1806,0x1805,0x1005,0x1004,0x0803,0x0803,0x0802,0x0001,0x0001,0x1004,0x0000,0x0000,
  0x0000,0x0000,0x1004,0x0801,0x0801,0x0802,0x1003,0x1004,0x1804,0x1805,0x2006,0x2007,
  0x2807,0x2808,0x3809,0x4009,0x400A,0x400A,0x480A,0x580B,0x600B,0x680B,0x700B,0x780B,
  0x800B,0x900B,0x980B,0xA00B,0xA00A,0xA80A,0xA00A,0xB00A,0xB00A,0xB00A,0xD809,0xD809,
  0xE06B,0xF14E,0xF96D,0xF88A,0xF8EC,0xF8AA,0xF8EC,0xF8AA,0xF96D,0xF14E,0xE0CD,0xD02B,
  0xC80A,0xC00B,0x980B,0xA80A,0x800A,0x500A,0x580B,0x780B,0x600B,0x580B,0x480A,0x2805,
  0x0801,0x0000,0x0000,0x0000,0x0000,0x0000,0x0000,0x0000,0x0000,0x0000,0x0000,0x0000,
  0x0000,0x0000,0x0000,0x0000,0x0000,0x0000,0x0000,0x0000,0x0000,0x0000,0x0000,0x0000,
  0x0000,0x0000,0x0000,0x0000,0x0000,0x0000,0x0000,0x0000,0x0000,0x0000,0x0000,0x0000,
  0x0000,0x0000,0x0000,0x0000,0x0000,0x0000,0x0000,0x0000,0x0000,0x0000,0x0000,0x0000,
  0x1004,0x3008,0x3808,0x2808,0x2007,0x3008,0x7809,0x4809,0x6008,0x9009,0x880A,0xB80A,
  0xD02B,0xE06C,0xF0CC,0xF88B,0xF828,0xF829,0xF8AB,0xF8CC,0xF849,0xF88B,0xF0CC,0xE00A,
  0xD809,0xD009,0xC80A,0xC80A,0xB009,0x980A,0xA00A,0xA009,0x980A,0x980A,0x900A,0x880A,
  0x800A,0x780A,0x780A,0x680A,0x600A,0x4809,0x4009,0x3808,0x3008,0x2808,0x2007,0x2006,
  0x2006,0x1805,0x1005,0x1004,0x1003,0x0803,0x0802,0x0001,0x0001,0x1004,0x0000,0x0000,
  0x0000,0x0000,0x1004,0x0801,0x0001,0x0802,0x0803,0x1003,0x1004,0x1805,0x1805,0x1806,
  0x2007,0x2808,0x3008,0x3009,0x3809,0x3009,0x4009,0x500A,0x580B,0x680B,0x700B,0x700A,
  0x700A,0x800A,0x880A,0x900A,0x9009,0x9009,0x9009,0xA809,0x9809,0xA809,0xC009,0xC809,
  0xD009,0xE04B,0xF16E,0xF98E,0xF90C,0xF90C,0xF86B,0xF8CC,0xF90C,0xF96E,0xF90C,0xE96E,
  0xD88C,0xC00A,0xB009,0x8009,0x9009,0x4808,0x400A,0x700A,0x600A,0x500A,0x3808,0x2006,
  0x1002,0x0000,0x0000,0x0000,0x0000,0x0000,0x0000,0x0000,0x0000,0x0000,0x0000,0x0000,
  0x0000,0x0000,0x0000,0x0000,0x0000,0x0000,0x0000,0x0000,0x0000,0x0000,0x0000,0x0000,
  0x0000,0x0000,0x0000,0x0000,0x0000,0x0000,0x0000,0x0000,0x0000,0x0000,0x0000,0x0000,
  0x0000,0x0000,0x0000,0x0000,0x0000,0x0000,0x0000,0x0000,0x0000,0x0000,0x0000,0x0001,
  0x2005,0x4809,0x480A,0x4809,0x5008,0x4808,0x8809,0x8809,0xB009,0x9009,0xB00A,0xD04B,
  0xE8AC,0xF8EC,0xF86A,0xF828,0xF828,0xF849,0xF98E,0xF8AB,0xF8AB,0xF0AC,0xE02B,0xD809,
  0xA80A,0xA809,0xB808,0xA809,0xA809,0x9009,0x9009,0x9009,0x9809,0x9009,0x8809,0x8009,
  0x7809,0x800A,0x700A,0x680A,0x580A,0x4809,0x4009,0x3808,0x3008,0x2808,0x2807,0x2007,
  0x2006,0x1805,0x1004,0x1004,0x0803,0x0802,0x0802,0x0001,0x0001,0x1004,0x0000,0x0000,
  0x0000,0x0000,0x1004,0x0801,0x0001,0x0802,0x0803,0x1003,0x1004,0x1005,0x1805,0x1806,
  0x1806,0x2007,0x3008,0x3009,0x3809,0x3809,0x4009,0x500A,0x600B,0x680B,0x780B,0x780B,
  0x780A,0x800A,0x880A,0x880A,0x9009,0x9009,0x9809,0x9809,0x9808,0xA808,0xB809,0xD80A,
  0xD00A,0xD809,0xD82A,0xE92D,0xF92D,0xF8EC,0xF8AB,0xF8CC,0xF8CC,0xF92D,0xF8EC,0xF8AB,
  0xF14D,0xE0CC,0xD84B,0xC00A,0x9809,0xA009,0x9009,0x780A,0x580A,0x600A,0x480A,0x3809,
  0x2004,0x0000,0x0000,0x0000,0x0000,0x0000,0x0000,0x0000,0x0000,0x0000,0x0000,0x0000,
  0x0000,0x0000,0x0000,0x0000,0x0000,0x0000,0x0000,0x0000,0x0000,0x0000,0x0000,0x0000,
  0x0000,0x0000,0x0000,0x0000,0x0000,0x0000,0x0000,0x0000,0x0000,0x0000,0x0000,0x0000,
  0x0000,0x0000,0x0000,0x0000,0x0000,0x0000,0x0000,0x0000,0x0000,0x0000,0x0000,0x0001,
  0x2005,0x3808,0x3809,0x4009,0x8008,0x6808,0x8808,0x9809,0x9809,0xD02A,0xD88C,0xF0ED,
  0xF8EC,0xF8AB,0xF8AB,0xF88A,0xF828,0xF86A,0xF8CB,0xF8EC,0xE8CC,0xE02B,0xD80A,0xC00A,
  0xC809,0xA809,0x9009,0x8809,0x9808,0x9008,0x9008,0x9008,0x8809,0x8809,0x8009,0x7809,
  0x7009,0x6809,0x6009,0x5809,0x4809,0x4009,0x3808,0x3808,0x3008,0x2807,0x2007,0x2006,
  0x1806,0x1005,0x1004,0x1004,0x0803,0x0802,0x0802,0x0001,0x0001,0x1004,0x0000,0x0000,
  0x0000,0x0000,0x1004,0x0802,0x0001,0x0802,0x0802,0x0803,0x1004,0x1004,0x1805,0x1806,
  0x1806,0x2007,0x2808,0x3009,0x3809,0x4009,0x4009,0x4009,0x580A,0x600B,0x680B,0x680A,
  0x700A,0x780A,0x8009,0x8809,0x8809,0x9009,0x9809,0x9009,0x9008,0xB808,0xA009,0xB00A,
  0xC00B,0xD809,0xD009,0xE02A,0xE8ED,0xF94D,0xF8EC,0xF88B,0xF86A,0xF8AB,0xF90C,0xF88B,
  0xF8AB,0xF90D,0xE8ED,0xD86B,0xC00A,0xB00A,0xB809,0xB009,0x8809,0x600A,0x580A,0x7009,
  0x2806,0x0801,0x0000,0x0000,0x0000,0x0000,0x0000,0x0000,0x0000,0x0000,0x0000,0x0000,
  0x0000,0x0000,0x0000,0x0000,0x0000,0x0000,0x0000,0x0000,0x0000,0x0000,0x0000,0x0000,
  0x0000,0x0000,0x0000,0x0000,0x0000,0x0000,0x0000,0x0000,0x0000,0x0000,0x0000,0x0000,
  0x0000,0x0000,0x0000,0x0000,0x0000,0x0000,0x0000,0x0000,0x0000,0x1000,0x0800,0x0801,
  0x3806,0x5809,0x6009,0x7809,0xA008,0x9808,0xA808,0xB809,0xD06A,0xE0CC,0xF90C,0xF94D,
  0xF92D,0xF88A,0xF90D,0xF8CC,0xF86A,0xF88A,0xF8EC,0xE8ED,0xD82B,0xD80A,0xB80B,0xA80B,
  0xB00B,0xB00B,0x980A,0x980A,0xA00A,0xA00A,0x9809,0x9009,0x9009,0x8809,0x8009,0x7809,
  0x7009,0x6809,0x6009,0x5009,0x4809,0x4009,0x4009,0x4009,0x3008,0x2007,0x2007,0x1806,
  0x1806,0x1005,0x1004,0x1004,0x0803,0x0802,0x0802,0x0001,0x0802,0x1004,0x0000,0x0000,
  0x0000,0x0000,0x1004,0x0802,0x0001,0x0802,0x0802,0x0803,0x1004,0x1004,0x1805,0x1806,
  0x1806,0x2007,0x2007,0x3008,0x3809,0x4009,0x400A,0x480A,0x480A,0x580A,0x600A,0x680A,
  0x700A,0x780A,0x800A,0x880A,0x9009,0x980A,0x9809,0x9809,0x9809,0xA809,0xA00A,0xA00A,
  0xA00A,0xB80A,0xC00A,0xD80A,0xD82B,0xF0ED,0xF8EC,0xF8CB,0xF8AB,0xF86A,0xF88B,0xF8AB,
  0xF8EC,0xF8CB,0xF90C,0xF0EC,0xE0AB,0xC02A,0xC009,0xB809,0x9809,0xA809,0x680A,0x7809,
  0x5807,0x1802,0x0000,0x0000,0x0000,0x0000,0x0000,0x0000,0x0000,0x0000,0x0000,0x0000,
  0x0000,0x0000,0x0000,0x0000,0x0000,0x0000,0x0000,0x0000,0x0000,0x0000,0x0000,0x0000,
  0x0000,0x0000,0x0000,0x0000,0x0000,0x0000,0x0000,0x0000,0x0000,0x0000,0x0000,0x0000,
  0x0000,0x0000,0x0000,0x0000,0x0000,0x0000,0x0000,0x0000,0x0000,0x2801,0x0800,0x1802,
  0x7807,0xA009,0xB009,0xA809,0xA809,0xB809,0xD049,0xE0CC,0xF0CC,0xF92D,0xF8CB,0xF8CC,
  0xF8CC,0xF8AC,0xF8AB,0xF8AB,0xF8CC,0xF92D,0xE8CD,0xD80B,0xC80A,0xC00A,0xB80A,0xC00A,
  0xB00B,0x980A,0xA00A,0xA00A,0xA80A,0xB00A,0xA80A,0xA00A,0x980A,0x900A,0x900A,0x880A,
  0x800A,0x700A,0x680A,0x600A,0x5009,0x4809,0x4009,0x4009,0x3808,0x2808,0x2807,0x2006,
  0x1806,0x1805,0x1004,0x1004,0x0803,0x0802,0x0802,0x0001,0x0802,0x1004,0x0000,0x0000,
  0x0000,0x0000,0x1004,0x0802,0x0001,0x0802,0x0802,0x0803,0x1004,0x1004,0x1805,0x1805,
  0x1806,0x2007,0x2007,0x2808,0x3809,0x4009,0x480A,0x500A,0x580B,0x600B,0x680B,0x700B,
  0x800B,0x880B,0x900B,0x900A,0x980A,0xA00A,0xA00A,0xA80A,0xA00A,0xA00A,0x980A,0xA00A,
  0xA00A,0x980A,0xA00B,0xC00A,0xD00A,0xE04B,0xF14E,0xF94E,0xF8AB,0xF86A,0xF86A,0xF88A,
  0xF869,0xF86A,0xF8EC,0xF8AB,0xF8EC,0xF10D,0xE06B,0xD02A,0xC809,0xB009,0x8009,0x7008,
  0x2806,0x1002,0x0000,0x0000,0x0000,0x0000,0x0000,0x0000,0x0000,0x0000,0x0000,0x0000,
  0x0000,0x0000,0x0000,0x0000,0x0000,0x0000,0x0000,0x0000,0x0000,0x0000,0x0000,0x0000,
  0x0000,0x0000,0x0000,0x0000,0x0000,0x0000,0x0000,0x0000,0x0000,0x0000,0x0000,0x0000,
  0x0000,0x0000,0x0000,0x0000,0x0000,0x0000,0x0000,0x0000,0x0000,0x0000,0x3802,0x7805,
  0x6007,0x8009,0xB808,0x8009,0xB029,0xD88B,0xE96D,0xF90C,0xF808,0xF88A,0xF94D,0xF8AB,
  0xF849,0xF869,0xF8AB,0xF94D,0xF94D,0xE8AD,0xE00B,0xD80B,0xD00B,0xB80A,0x880B,0x800A,
  0x880A,0x8809,0xA00A,0x9009,0x9809,0xA00A,0xA00A,0x980A,0x8809,0x8809,0x880A,0x880A,
  0x800A,0x780B,0x700B,0x680B,0x600A,0x580A,0x480A,0x4009,0x3809,0x3808,0x3008,0x2807,
  0x2006,0x2006,0x1805,0x1004,0x1003,0x0803,0x0802,0x0001,0x0802,0x0803,0x0000,0x0000,
  0x0000,0x0000,0x0803,0x0802,0x0001,0x0802,0x0802,0x0803,0x1004,0x1004,0x1005,0x1806,
  0x1806,0x2007,0x2808,0x3009,0x3809,0x400A,0x480A,0x500B,0x600B,0x680B,0x780C,0x800C,
  0x880B,0x900B,0x980B,0x980B,0x980A,0x9809,0x9809,0x9009,0x9008,0x9009,0x9009,0xA00A,
  0x880A,0x980A,0xA80A,0xB80A,0xD00A,0xD00A,0xD84B,0xE92E,0xF90D,0xF8AB,0xF88B,0xF848,
  0xF804,0xF86A,0xF8AB,0xF86A,0xF84A,0xF8AB,0xF8CC,0xE0AC,0xC84A,0x9808,0xA808,0x8808,
  0x8007,0x7005,0x0800,0x0000,0x0000,0x0000,0x0000,0x0000,0x0000,0x0000,0x0000,0x0000,
  0x0000,0x0000,0x0000,0x0000,0x0000,0x0000,0x0000,0x0000,0x0000,0x0000,0x0000,0x0000,
  0x0000,0x0000,0x0000,0x0000,0x0000,0x0000,0x0000,0x0000,0x0000,0x0000,0x0000,0x0000,
  0x0000,0x0000,0x0000,0x0000,0x0000,0x2001,0x1000,0x0000,0x0000,0x2801,0x3802,0x6806,
  0x9808,0xB009,0xC809,0xD06A,0xE0EB,0xF10C,0xF94D,0xF848,0xF806,0xF829,0xF84A,0xF84A,
  0xF807,0xF828,0xF86B,0xF8CC,0xE8CD,0xE00C,0xD80B,0xC80C,0xA80C,0xA00A,0x880B,0x880B,
  0x880A,0x900A,0x9809,0x9809,0x9809,0xA80A,0xA00A,0x9809,0x8809,0x8809,0x8009,0x7809,
  0x7009,0x6809,0x600A,0x580A,0x580A,0x500A,0x4009,0x4009,0x3808,0x3008,0x2807,0x2807,
  0x2006,0x1805,0x1004,0x1004,0x0803,0x0802,0x0802,0x0001,0x0802,0x0803,0x0000,0x0000,
  0x0000,0x0000,0x0803,0x0803,0x0001,0x0801,0x0802,0x0803,0x1004,0x1004,0x1005,0x1806,
  0x2006,0x2807,0x2808,0x3008,0x3809,0x400A,0x480A,0x580B,0x600B,0x680B,0x700B,0x780B,
  0x800B,0x880B,0x900B,0x900A,0x980A,0x9009,0x9008,0x9809,0xA00A,0x9809,0x9809,0xA00A,
  0x900A,0x900B,0x880B,0x900B,0x880B,0xC80A,0xD00B,0xD84C,0xE8ED,0xF8EC,0xF8EC,0xF869,
  0xF806,0xF8AB,0xF849,0xF869,0xF88A,0xF88A,0xF8EC,0xF92C,0xF10C,0xD0AB,0xC829,0xC809,
  0xB808,0xB007,0x6803,0x6003,0x1000,0x0000,0x0000,0x0000,0x0000,0x0000,0x0000,0x0000,
  0x0000,0x0000,0x0000,0x0000,0x0000,0x0000,0x0000,0x0000,0x0000,0x0000,0x0000,0x0000,
  0x0000,0x0000,0x0000,0x0000,0x0000,0x0000,0x0000,0x0000,0x0000,0x0000,0x0000,0x0000,
  0x0000,0x0000,0x0000,0x0000,0x0000,0x1000,0x0000,0x0000,0x4002,0x8004,0x7005,0x9807,
  0xC809,0xC849,0xD8AB,0xF10C,0xF88A,0xF828,0xF828,0xF828,0xF807,0xF828,0xF828,0xF84A,
  0xF829,0xF849,0xF8CC,0xE08C,0xD80B,0xE00B,0xD00C,0xA80D,0x800C,0x880B,0xA80C,0x880B,
  0x880A,0x980A,0x9009,0xA00A,0xA00A,0xA009,0x9809,0x9809,0x980A,0x900A,0x880A,0x800A,
  0x7009,0x680A,0x6009,0x5009,0x4809,0x4009,0x3808,0x3808,0x2808,0x2007,0x2006,0x1806,
  0x1806,0x1805,0x1004,0x0803,0x0803,0x0802,0x0802,0x0001,0x0803,0x0803,0x0000,0x0000,
  0x0000,0x0000,0x0802,0x1003,0x0001,0x0001,0x0802,0x0803,0x0803,0x1004,0x1005,0x1806,
  0x2006,0x2807,0x2808,0x3809,0x3809,0x3809,0x3809,0x480A,0x580A,0x580B,0x680B,0x700B,
  0x780B,0x800B,0x900B,0x980B,0xA00B,0x980A,0x9809,0xA80A,0xB00B,0xA80A,0x9809,0x9009,
  0x8809,0x8809,0x980A,0xB00A,0x900C,0xB00D,0xD00C,0xD00C,0xD82B,0xE0AC,0xF92D,0xF8CB,
  0xF8CB,0xF88B,0xF84A,0xF84A,0xF86B,0xF88B,0xF8CB,0xF869,0xF90C,0xF90C,0xE8EC,0xD06B,
  0xC809,0xA807,0x7805,0x8004,0x3802,0x1000,0x1800,0x1801,0x0000,0x0000,0x0000,0x0000,
  0x0000,0x0000,0x0000,0x0000,0x0000,0x0000,0x0000,0x0000,0x0000,0x0000,0x0000,0x0000,
  0x0000,0x0000,0x0000,0x0000,0x0000,0x0000,0x0000,0x0000,0x0000,0x0000,0x0000,0x0000,
  0x0000,0x0000,0x0000,0x0000,0x0000,0x0000,0x3001,0x4802,0x9005,0xA006,0xB807,0xC829,
  0xD88B,0xE8EC,0xF12D,0xF8AB,0xF849,0xF849,0xF849,0xF829,0xF849,0xF829,0xF849,0xF849,
  0xF86A,0xF8CC,0xD88C,0xD00A,0xC00A,0xB80B,0xA80C,0xB00A,0x780B,0x880B,0x900B,0x880B,
  0x900A,0x900A,0x980A,0xA80A,0xA00A,0x9809,0x8808,0x8809,0x8809,0x8809,0x880A,0x800A,
  0x700A,0x700A,0x680A,0x580A,0x5009,0x4809,0x4809,0x4009,0x3008,0x2007,0x2006,0x1806,
  0x1805,0x1005,0x1004,0x0803,0x0803,0x0802,0x0801,0x0001,0x0803,0x0802,0x0000,0x0000,
  0x0000,0x0000,0x0802,0x1004,0x0001,0x0801,0x0802,0x0803,0x1003,0x1004,0x1805,0x2006,
  0x2007,0x2807,0x3008,0x3008,0x2808,0x3008,0x3009,0x3809,0x480A,0x580B,0x680B,0x780B,
  0x800B,0x880B,0x900B,0x980B,0x900A,0x9009,0x9009,0x9009,0x9809,0x9009,0x9009,0x8809,
  0x8809,0x880A,0x900C,0x980C,0x880D,0xB80D,0xB80D,0xC00D,0xD80B,0xD00B,0xE0CC,0xF14D,
  0xF8CC,0xF8AB,0xF8CC,0xF82A,0xF8AC,0xF88B,0xF88B,0xF8CB,0xF8EC,0xF90D,0xF8EC,0xF16D,
  0xE0EC,0xD009,0xA807,0xA806,0x9005,0x6803,0x3802,0x0000,0x0000,0x0800,0x0000,0x0000,
  0x0000,0x0000,0x0000,0x0000,0x0000,0x0000,0x0000,0x0000,0x0000,0x0000,0x0000,0x0000,
  0x0000,0x0000,0x0000,0x0000,0x0000,0x0000,0x0000,0x0000,0x0000,0x0000,0x0000,0x0000,
  0x0000,0x1801,0x2801,0x0000,0x4002,0x3802,0x7004,0x8804,0xA005,0xB807,0xC86A,0xE0EC,
  0xF10C,0xF8CB,0xF849,0xF849,0xF8CB,0xF8CB,0xF88A,0xF86A,0xF86A,0xF84A,0xF849,0xF90D,
  0xF10D,0xE08C,0xD80B,0xC00B,0x680D,0x980B,0x800B,0xA00B,0x700B,0x700B,0x780A,0x800A,
  0x900A,0x900A,0xA00A,0xA80A,0xA80A,0xA00A,0x9809,0x9009,0x8809,0x8009,0x880A,0x800A,
  0x6809,0x6009,0x600A,0x5809,0x4809,0x4809,0x4009,0x3809,0x3008,0x2807,0x2007,0x1806,
  0x1805,0x1005,0x1004,0x0803,0x0803,0x0802,0x0001,0x0001,0x1004,0x0001,0x0000,0x0000,
  0x0000,0x0000,0x0001,0x1004,0x0001,0x0801,0x0802,0x1003,0x1003,0x1004,0x1805,0x1805,
  0x1806,0x2007,0x2007,0x2007,0x2808,0x3009,0x3809,0x400A,0x480A,0x580A,0x600B,0x700B,
  0x780B,0x800B,0x880B,0x800A,0x8009,0x8809,0x9009,0x9009,0x9008,0x9008,0x9008,0x9009,
  0x980A,0x980B,0x880B,0x880B,0x880D,0xB00D,0xB00E,0x9010,0xC00B,0xC00A,0xC00A,0xD8CD,
  0xF10D,0xF06B,0xF8AC,0xF86B,0xF88B,0xF86B,0xF8AC,0xF8EC,0xF88B,0xF8CC,0xF8CB,0xF88A,
  0xF9AE,0xF12D,0xE0AB,0xB807,0xB006,0xB006,0x6803,0x3802,0x1000,0x5002,0x1000,0x0000,
  0x0000,0x0000,0x0000,0x0000,0x0000,0x0000,0x0000,0x0000,0x0000,0x0000,0x0000,0x0000,
  0x0000,0x0000,0x0000,0x0000,0x0000,0x0000,0x0000,0x0000,0x0000,0x0000,0x0000,0x2801,
  0x0800,0x0800,0x1801,0x6803,0x3802,0x7804,0x9805,0x9005,0xB027,0xE0AB,0xF12D,0xF90C,
  0xF8CB,0xF849,0xF869,0xF86A,0xF8AB,0xF8EC,0xF8AB,0xF88A,0xF88B,0xF8AB,0xF8CB,0xE92D,
  0xD86C,0xD80B,0xC80E,0xA80E,0xA80C,0x980C,0x780E,0xA00F,0x780C,0x700A,0x780A,0x800A,
  0x8809,0x8809,0x9009,0x9809,0xA009,0xA00A,0xA80A,0xA00A,0x980A,0x880A,0x800A,0x780A,
  0x7009,0x6009,0x5809,0x580A,0x4809,0x3808,0x3808,0x3008,0x2807,0x2007,0x2006,0x1806,
  0x1805,0x1005,0x1004,0x0803,0x0803,0x0802,0x0001,0x0001,0x1004,0x0001,0x0000,0x0000,
  0x0000,0x0000,0x0000,0x1004,0x0001,0x0001,0x0802,0x0802,0x0803,0x1004,0x1004,0x1005,
  0x1806,0x2006,0x2007,0x2808,0x2808,0x3009,0x3809,0x4009,0x4009,0x480A,0x500A,0x580A,
  0x680A,0x700A,0x780A,0x800A,0x880A,0x9009,0x9009,0x9009,0x9809,0x9809,0x9809,0xA00A,
  0xA80B,0x980B,0x900B,0x880B,0x900D,0xA80E,0x700D,0x880B,0xB00A,0xB80B,0xB00C,0xB80A,
  0xD8ED,0xF18E,0xF18E,0xF96E,0xF8CC,0xF8AB,0xF8CC,0xF8AB,0xF86A,0xF82A,0xF8AB,0xF88B,
  0xF88A,0xF90C,0xF98E,0xE96D,0xD08A,0xA806,0xB006,0xA005,0x9805,0x7004,0x0000,0x0800,
  0x2001,0x0000,0x0000,0x0000,0x0000,0x0000,0x0000,0x0000,0x0000,0x0000,0x0000,0x0000,
  0x0000,0x0000,0x0000,0x0000,0x0000,0x0000,0x0000,0x0000,0x0000,0x0000,0x0000,0x2001,
  0x0000,0x0000,0x5803,0x7004,0x9805,0xA006,0xC048,0xD8CA,0xF0AA,0xF88A,0xF8EC,0xF849,
  0xF86A,0xF829,0xF84A,0xF8AB,0xF90C,0xF8CC,0xF86A,0xF88A,0xF869,0xF90C,0xF10D,0xD84C,
  0xD00B,0xD00B,0xC00C,0xB80C,0x980E,0x700E,0x800E,0x880E,0x800C,0x800B,0x800A,0x800A,
  0x8809,0x8809,0x9009,0x9008,0x9008,0x9009,0x9809,0xA00A,0xA00B,0x900A,0x880A,0x780A,
  0x700A,0x680A,0x580A,0x580A,0x4809,0x4009,0x3008,0x2808,0x2807,0x2007,0x1806,0x1805,
  0x1005,0x1004,0x1004,0x0803,0x0802,0x0802,0x0001,0x0001,0x1004,0x0000,0x0000,0x0000,
  0x0000,0x0000,0x0000,0x1004,0x0802,0x0001,0x0802,0x0802,0x1003,0x1004,0x1004,0x1805,
  0x1806,0x2006,0x2007,0x2807,0x2808,0x3009,0x3809,0x400A,0x480A,0x500A,0x580A,0x600A,
  0x680A,0x700A,0x800B,0x880B,0x900A,0x980A,0x980A,0xA00A,0xA00A,0xA80A,0xB00B,0xB00B,
  0xB00B,0x980A,0x880A,0x780A,0x780B,0x900E,0x800D,0x680C,0x980D,0xA010,0xB00D,0x980B,
  0xC80B,0xD8CC,0xE98E,0xF16E,0xF90D,0xF8EC,0xF8ED,0xF86A,0xF829,0xF86A,0xF8AB,0xF8AB,
  0xF8AB,0xF828,0xF8CB,0xF92C,0xF8EB,0xE8CB,0xC868,0xB006,0xA005,0x9005,0x6803,0x6803,
  0x3001,0x3801,0x2001,0x0000,0x1801,0x2801,0x0000,0x0000,0x0000,0x0000,0x0000,0x0000,
  0x0000,0x0000,0x0000,0x0000,0x0000,0x0000,0x0000,0x0000,0x1801,0x0800,0x0000,0x3001,
  0x7804,0x3802,0x9005,0xA806,0xB827,0xD0AA,0xE90C,0xF8CB,0xF869,0xF889,0xF8CB,0xF88A,
  0xF94D,0xF90C,0xF829,0xF8CB,0xF94D,0xF88B,0xF88B,0xF9AE,0xF94D,0xF10D,0xD04B,0xC80B,
  0xD80C,0xB810,0xA010,0x900F,0x780F,0x780F,0x800E,0x800D,0x800C,0x880B,0x980C,0xA00B,
  0xA00A,0x980A,0x9809,0x9008,0x9008,0x9008,0x8809,0x8809,0x8809,0x8009,0x800A,0x780A,
  0x700A,0x680A,0x580A,0x5009,0x500A,0x4009,0x3808,0x3008,0x2807,0x2807,0x2006,0x1805,
  0x1005,0x1004,0x1003,0x0803,0x0802,0x0802,0x0001,0x0802,0x1004,0x0000,0x0000,0x0000,
  0x0000,0x0000,0x0000,0x0803,0x0803,0x0001,0x0802,0x0802,0x1003,0x1004,0x1004,0x1805,
  0x1806,0x2006,0x2007,0x2808,0x3008,0x3009,0x3809,0x480A,0x500A,0x580B,0x600B,0x680B,
  0x600A,0x780B,0x800B,0x900B,0x980B,0xA00B,0xA80B,0xA80B,0xB00B,0xA80A,0xA80A,0xA80A,
  0xA00A,0x8809,0x900A,0xA00C,0x900C,0x780C,0x780C,0x880C,0x800F,0x9011,0xA00D,0xA00C,
  0xB00C,0xC00B,0xD06C,0xE94E,0xF98E,0xF90D,0xF8CC,0xF88A,0xF849,0xF828,0xF828,0xF9AE,
  0xF92C,0xF828,0xF849,0xF828,0xF808,0xF869,0xF0EC,0xE0EB,0xC868,0xB807,0xB006,0x6803,
  0x5002,0x8804,0x5002,0x0000,0x0800,0x2801,0x2001,0x0000,0x0000,0x0000,0x0000,0x0000,
  0x0000,0x0000,0x0000,0x0000,0x0000,0x0000,0x0000,0x0800,0x6003,0x8004,0x4802,0x4802,
  0xA005,0xA806,0xB827,0xC089,0xE0CB,0xF0AB,0xF84A,0xF829,0xF84A,0xF8CB,0xF8EB,0xF8EB,
  0xF90C,0xF848,0xF807,0xF869,0xF96E,0xF86A,0xF8CB,0xF98E,0xF10D,0xD84C,0xD00B,0xD00C,
  0xD00E,0xA00F,0x880F,0x7811,0x9010,0x880F,0x800E,0x800D,0x900C,0x980C,0xA00C,0xA80B,
  0xA80B,0xA80B,0xA80A,0xA80A,0xA009,0x9809,0x9009,0x8809,0x8809,0x7809,0x7009,0x6809,
  0x6009,0x600A,0x580A,0x500A,0x500A,0x4809,0x3809,0x3008,0x2807,0x2807,0x2006,0x1805,
  0x1005,0x1004,0x1003,0x0803,0x0802,0x0802,0x0001,0x0803,0x0803,0x0000,0x0000,0x0000,
  0x0000,0x0000,0x0000,0x0802,0x0803,0x0001,0x0801,0x0802,0x0803,0x1003,0x1004,0x1805,
  0x1806,0x2006,0x2007,0x2807,0x3008,0x3809,0x4009,0x400A,0x480A,0x500A,0x580A,0x600B,
  0x680B,0x780B,0x880B,0x980C,0xA00C,0xA80C,0xA80B,0xA00A,0xA00A,0xA00A,0xA00A,0xA80A,
  0xA80B,0x900A,0x900A,0xA00C,0xA00D,0x980D,0x800D,0x780D,0x700D,0x680E,0x800D,0x800D,
  0x980C,0xB80A,0xB80A,0xD02B,0xE8ED,0xF90D,0xF8AB,0xF8AB,0xF88B,0xF84A,0xF849,0xF92C,
  0xF9AE,0xF86A,0xF849,0xF849,0xF88A,0xF88A,0xF90C,0xF90C,0xF14D,0xE10B,0xC048,0xB806,
  0xB006,0x7004,0x6803,0x7804,0x3801,0x2801,0x0800,0x2001,0x0000,0x1000,0x2001,0x0000,
  0x0000,0x0000,0x0000,0x0000,0x2001,0x0000,0x0800,0x5003,0x5002,0x8804,0xA005,0xA806,
  0xB827,0xC068,0xD8AA,0xF10C,0xF8EC,0xF84A,0xF86A,0xF88B,0xF8CB,0xF8EB,0xF8AA,0xF90C,
  0xF8EB,0xF88A,0xF849,0xF869,0xF8CB,0xF9CE,0xF98E,0xE90D,0xD84C,0xD00B,0xC00B,0xA00D,
  0x9810,0x8010,0x680F,0x600E,0x700E,0x880F,0x980F,0xA00E,0xA00E,0xA00C,0xA00C,0xA00B,
  0xA00A,0xA00A,0xA00A,0xA80A,0xA80A,0xA00A,0x980A,0x980A,0x980B,0x880A,0x7009,0x6809,
  0x6009,0x5809,0x5009,0x4009,0x4009,0x3808,0x3809,0x2808,0x2807,0x2007,0x2006,0x1805,
  0x1805,0x1004,0x1003,0x0803,0x0802,0x0801,0x0001,0x1003,0x0802,0x0000,0x0000,0x0000,
  0x0000,0x0000,0x0000,0x0001,0x1004,0x0001,0x0001,0x0802,0x0803,0x1003,0x1004,0x1805,
  0x1805,0x1806,0x2006,0x2807,0x2808,0x3009,0x3009,0x3809,0x400A,0x500A,0x600B,0x680C,
  0x780C,0x800C,0x900C,0x900C,0x980B,0x980B,0x980A,0xA00A,0xA00A,0xA80A,0xA80A,0xA80A,
  0xA00A,0x9009,0x980A,0x980B,0x980C,0x880C,0x700B,0x680C,0x600C,0x780F,0x9010,0x680C,
  0x880C,0xA00C,0xB80A,0xC00A,0xD00B,0xE8AC,0xF92D,0xF8AB,0xF86A,0xF8AB,0xF86A,0xF8AB,
  0xF8EC,0xF8EC,0xF90C,0xF8EB,0xF8AB,0xF8AB,0xF90C,0xF88A,0xF88A,0xF92C,0xF1CE,0xD90B,
  0xC048,0xA806,0x9004,0x9005,0x8804,0x7804,0x3001,0x5002,0x0000,0x0000,0x0800,0x0000,
  0x0000,0x0000,0x0000,0x0000,0x3802,0x0800,0x1801,0x8004,0x7804,0x9805,0xB006,0xC889,
  0xE0AB,0xE8AB,0xF88B,0xF8AB,0xF88A,0xF84A,0xF88B,0xF88A,0xF8CB,0xF869,0xF8EB,0xF8CB,
  0xF8CB,0xF8EC,0xF88B,0xF8CB,0xF8AA,0xF94D,0xE90D,0xD82B,0xD00B,0xB00B,0xA00C,0x980E,
  0x780E,0x500E,0x680F,0x780F,0x800F,0x900F,0x980E,0x980E,0xA00D,0xA80D,0xB00C,0xA80B,
  0xA80B,0xA00A,0xA00A,0xA00A,0xA00A,0xA00A,0x980A,0x9009,0x900A,0x800A,0x800A,0x780A,
  0x6009,0x5809,0x5009,0x4009,0x3808,0x3008,0x2808,0x2807,0x2807,0x2006,0x1806,0x1805,
  0x1005,0x1004,0x0803,0x0803,0x0802,0x0001,0x0001,0x1004,0x0001,0x0000,0x0000,0x0000,
  0x0000,0x0000,0x0000,0x0000,0x1004,0x0001,0x0001,0x0802,0x0803,0x1003,0x1004,0x1004,
  0x1005,0x1806,0x2006,0x2007,0x2808,0x3008,0x3008,0x3009,0x480A,0x580B,0x600C,0x700C,
  0x700C,0x700B,0x780B,0x800B,0x880B,0x980B,0xA00B,0xA00B,0xA80A,0xA00A,0xA00A,0xA80A,
  0xA80A,0xA00A,0xA00B,0x980B,0x800A,0x780A,0x700B,0x700B,0x680C,0x680D,0x700E,0x800D,
  0x780D,0x900C,0xA00D,0xC00C,0xC80A,0xC80A,0xE0AC,0xF0AB,0xF88B,0xF8EC,0xF8AB,0xF88B,
  0xF90C,0xF8EC,0xF90C,0xF9CF,0xF8EC,0xF94D,0xF88A,0xF849,0xF849,0xF828,0xF8CB,0xFA50,
  0xF24F,0xD9AD,0xC0A9,0xB026,0x7804,0x9005,0x8804,0x0800,0x0000,0x0000,0x0000,0x0000,
  0x0000,0x0000,0x0800,0x2801,0x0000,0x5803,0x7804,0x8804,0xB007,0xC869,0xE0EB,0xF0EB,
  0xF06A,0xF8AB,0xF86A,0xF86A,0xF86A,0xF849,0xF829,0xF849,0xF8EB,0xF8CB,0xF98E,0xF86A,
  0xF849,0xF86A,0xF86A,0xF88A,0xF8EC,0xE08C,0xD80A,0xB80C,0xA00C,0xA00B,0x580F,0x700E,
  0x7010,0x680F,0x580D,0x680E,0x9810,0xA00F,0xA00E,0x980D,0x980C,0x980B,0x980A,0xA00B,
  0xA80B,0xA80A,0xA80A,0xA00A,0xA00A,0xA00A,0x980A,0x900A,0x8009,0x7809,0x780A,0x680A,
  0x600A,0x680A,0x580A,0x500A,0x4009,0x3008,0x2808,0x3008,0x2007,0x2006,0x1805,0x1005,
  0x1004,0x1004,0x0803,0x0802,0x0802,0x0001,0x0001,0x1004,0x0000,0x0000,0x0000,0x0000,
  0x0000,0x0000,0x0000,0x0000,0x1004,0x0802,0x0001,0x0802,0x0802,0x0803,0x1004,0x1004,
  0x1005,0x1805,0x2006,0x2007,0x2808,0x3008,0x3809,0x3809,0x480A,0x500B,0x580B,0x600B,
  0x600B,0x600A,0x700A,0x800B,0x900B,0x980B,0x980B,0xA00A,0xA00A,0xA80A,0xB00A,0xB00B,
  0xA00A,0x9009,0x9009,0x880A,0x880A,0x800A,0x780B,0x700B,0x680C,0x680D,0x680D,0x580D,
  0x580F,0x8011,0x980F,0xA80B,0x880B,0xB009,0xC82A,0xD88B,0xF12D,0xF94D,0xF8CB,0xF8CB,
  0xF8EC,0xF8AB,0xF94D,0xF98E,0xF8CB,0xF90C,0xF86A,0xF828,0xF828,0xF849,0xF808,0xF94D,
  0xFA91,0xF9EE,0xE9CE,0xD94C,0xC8A9,0x9826,0x8004,0x8004,0x6003,0x2801,0x0000,0x0000,
  0x0000,0x0000,0x0000,0x4002,0x7804,0x9805,0xB806,0xC869,0xD8AA,0xF0AB,0xF8CB,0xF88B,
  0xF8AB,0xF8EC,0xF8EC,0xF829,0xF86A,0xF88B,0xF86A,0xF88A,0xF8CB,0xF849,0xF8CB,0xF8AB,
  0xF829,0xF84A,0xF86A,0xF0CC,0xD86B,0xC00A,0xB00A,0x900B,0x800E,0x900E,0x500E,0x700E,
  0x700F,0x680F,0x680E,0x700E,0x700C,0x700C,0x780B,0x800B,0x880A,0x880A,0x900A,0xA00A,
  0xA00A,0x9809,0xA009,0xA80A,0xA00A,0x980A,0x980A,0x8809,0x7809,0x7809,0x7009,0x680A,
  0x680A,0x600A,0x500A,0x480A,0x4809,0x3809,0x3008,0x2807,0x2006,0x2006,0x1805,0x1005,
  0x1004,0x1003,0x0803,0x0802,0x0802,0x0001,0x0802,0x0803,0x0000,0x0000,0x0000,0x0000,
  0x0000,0x0000,0x0000,0x0000,0x0803,0x0803,0x0001,0x0001,0x0802,0x0803,0x1003,0x1004,
  0x1805,0x1805,0x2006,0x2007,0x2808,0x3008,0x3009,0x3009,0x3809,0x3809,0x500A,0x600B,
  0x680B,0x680A,0x680A,0x780A,0x880B,0x980B,0xA00B,0xA80B,0xA80B,0xA80A,0xA80A,0xA00A,
  0x9009,0x9009,0x9009,0x8809,0x900A,0x880B,0x780A,0x700B,0x700C,0x600C,0x600D,0x780F,
  0x8811,0x8011,0x6810,0x700C,0x880C,0xA80B,0xC80B,0xD00A,0xD88B,0xE8CC,0xF8EC,0xF8EC,
  0xF8CB,0xF8EC,0xF8AB,0xF849,0xF829,0xF8EC,0xF8CC,0xF807,0xF827,0xF84A,0xF849,0xF86A,
  0xF869,0xF808,0xF86A,0xF1AE,0xE9AE,0xC8EA,0xA847,0xB006,0x5803,0x0000,0x0000,0x0000,
  0x0000,0x0000,0x0000,0x5803,0x9005,0xB047,0xD0CA,0xF0EC,0xF8AB,0xF848,0xF849,0xF8AA,
  0xF90D,0xF86A,0xF8AA,0xF88B,0xF88A,0xF8CC,0xF8AB,0xF8AB,0xF88A,0xF829,0xF8AB,0xF8CC,
  0xF829,0xF8EC,0xE90C,0xD06B,0xC009,0xC00A,0x980A,0x700B,0x700C,0x680F,0x7011,0x580F,
  0x580E,0x700F,0x700E,0x700D,0x780D,0x780C,0x780B,0x800A,0x800A,0x900A,0xA80B,0xA80A,
  0x9809,0x9008,0x9008,0x9009,0x9809,0x980A,0x900A,0x880A,0x7809,0x7009,0x6809,0x680A,
  0x680A,0x580A,0x500A,0x4809,0x4009,0x3808,0x2808,0x2007,0x2006,0x1806,0x1805,0x1005,
  0x1004,0x0803,0x0803,0x0802,0x0801,0x0001,0x0803,0x0803,0x0000,0x0000,0x0000,0x0000,
  0x0000,0x0000,0x0000,0x0000,0x0001,0x1004,0x0001,0x0001,0x0802,0x1003,0x1003,0x1804,
  0x1805,0x1805,0x1806,0x1806,0x2007,0x2007,0x2808,0x2808,0x3809,0x4009,0x480A,0x580B,
  0x580A,0x580A,0x700B,0x800B,0x880B,0x980B,0x980B,0xA00B,0xA00A,0xA00A,0xA80A,0xA009,
  0x9809,0x9009,0x8809,0x8809,0x900A,0x880A,0x780A,0x800C,0x800D,0x880E,0x880F,0x800F,
  0x680E,0x600E,0x600F,0x6810,0xA80E,0xB00E,0xB80C,0xB80A,0xC00A,0xD04B,0xE8CC,0xF8AB,
  0xF8EC,0xF86A,0xF849,0xF849,0xF86A,0xF8CC,0xF8AB,0xF829,0xF829,0xF84A,0xF849,0xF849,
  0xF84A,0xF86B,0xF869,0xF8AB,0xF8AA,0xF10C,0xC889,0x7804,0x6003,0x2801,0x0000,0x0000,
  0x0000,0x0800,0x2801,0x0000,0x7804,0xC068,0xF20F,0xF9AE,0xF88A,0xF8AB,0xF86A,0xF828,
  0xF8CB,0xF92C,0xF808,0xF88A,0xF98E,0xF8AA,0xF8CC,0xF84A,0xF84A,0xF84A,0xF8CB,0xF90C,
  0xF9AE,0xE94D,0xD04A,0xB809,0xB809,0x900A,0x900B,0x580E,0x400E,0x400D,0x580E,0x8011,
  0x7810,0x600D,0x780E,0x800E,0x800D,0x900D,0x980D,0x900B,0x900B,0x980A,0xA00A,0x9809,
  0x9008,0x9009,0x9009,0x9009,0x9009,0x8809,0x900A,0x900A,0x880A,0x780A,0x680A,0x600A,
  0x5809,0x4809,0x4809,0x4809,0x4009,0x3808,0x2807,0x2007,0x2006,0x1805,0x1805,0x1005,
  0x1004,0x0803,0x0802,0x0802,0x0001,0x0001,0x1004,0x0001,0x0000,0x0000,0x0000,0x0000,
  0x0000,0x0000,0x0000,0x0000,0x0000,0x1004,0x0802,0x0801,0x0802,0x0803,0x1003,0x1004,
  0x1004,0x1005,0x1806,0x2006,0x2007,0x2007,0x2808,0x3008,0x3009,0x3809,0x3809,0x480A,
  0x580B,0x680B,0x780C,0x780B,0x780B,0x780A,0x800A,0x900A,0xA00A,0xA00A,0x9809,0x9008,
  0x9008,0x9009,0x9009,0x9009,0x8809,0x8009,0x900B,0xA00D,0xA80E,0x980F,0x700D,0x680D,
  0x700E,0x680F,0x600F,0x8810,0xA010,0xA00E,0x880A,0xA00A,0xC00A,0xC80A,0xD84A,0xE08B,
  0xF0CB,0xF8EC,0xF88A,0xF88B,0xF84A,0xF88A,0xF8EC,0xF8AB,0xF88A,0xF86A,0xF86A,0xF86B,
  0xF86B,0xF88B,0xF86A,0xF869,0xF0CB,0xE10C,0xB827,0x8004,0x6803,0x3801,0x0000,0x0000,
  0x0000,0x0000,0x1000,0x3802,0xA005,0xB827,0xE16D,0xF98E,0xF8CB,0xF8EC,0xF8AB,0xF84A,
  0xF86A,0xF8CB,0xF828,0xF849,0xF8EC,0xF88A,0xF849,0xF86A,0xF8AB,0xF8AB,0xF8AB,0xF94D,
  0xE14D,0xC82A,0xC00A,0xC80A,0x900A,0x580C,0x680C,0x580F,0x6810,0x600F,0x580E,0x580E,
  0x600E,0x700E,0x780D,0x680C,0x780C,0x900C,0x980C,0x900B,0x980A,0x980A,0x980A,0x9809,
  0x9009,0x9009,0xA009,0xA00A,0xA00A,0x8809,0x8009,0x7809,0x800A,0x780A,0x700A,0x600A,
  0x5809,0x4809,0x4809,0x4009,0x3808,0x3008,0x2807,0x2007,0x2006,0x1805,0x1805,0x1004,
  0x1004,0x0803,0x0802,0x0802,0x0001,0x0801,0x1004,0x0000,0x0000,0x0000,0x0000,0x0000,
  0x0000,0x0000,0x0000,0x0000,0x0000,0x1004,0x0803,0x0001,0x0802,0x0802,0x0803,0x0803,
  0x1004,0x1805,0x1806,0x2006,0x2807,0x2807,0x2808,0x2808,0x3008,0x4009,0x400A,0x500A,
  0x600B,0x680B,0x680B,0x600A,0x780A,0x880B,0x880A,0x880A,0x8809,0x8809,0x9009,0xA009,
  0xA80A,0x9809,0x9009,0x9009,0x8809,0x900A,0xA80C,0xA80D,0xA00E,0x780C,0x700C,0x780E,
  0x700E,0x700F,0x8811,0x8812,0x6810,0x580D,0x900C,0xB00D,0xB00B,0xC00A,0xB80A,0xC029,
  0xE06B,0xF90C,0xF8CB,0xF86A,0xF809,0xF808,0xF88A,0xF8EC,0xF8AA,0xF869,0xF8AB,0xF86A,
  0xF88A,0xF86B,0xF92D,0xF88B,0xF8EC,0xD8EB,0xA806,0x9005,0x5003,0x1801,0x0000,0x0000,
  0x0000,0x1001,0x0802,0x5004,0xA806,0xB007,0xD8AB,0xF9EF,0xF90C,0xF8AB,0xF8CC,0xF86A,
  0xF92C,0xF98E,0xF86A,0xF849,0xF84A,0xF829,0xF807,0xF828,0xF849,0xF8AB,0xF12C,0xD8EC,
  0xC009,0xB009,0xB00A,0x900B,0x780C,0x500C,0x800C,0x8011,0x8012,0x8011,0x500E,0x580D,
  0x680D,0x600D,0x700C,0x780C,0x700B,0x780A,0x880B,0x980B,0x980A,0x980A,0xA00A,0xA00A,
  0xA00A,0xA00A,0xA00A,0x980A,0x980A,0x980A,0x880A,0x7809,0x7009,0x700A,0x680A,0x600A,
  0x580A,0x500A,0x480A,0x4809,0x3809,0x2808,0x2007,0x2006,0x2006,0x1805,0x1005,0x1004,
  0x1003,0x0803,0x0802,0x0801,0x0001,0x0802,0x0803,0x0000,0x0000,0x0000,0x0000,0x0000,
  0x0000,0x0000,0x0000,0x0000,0x0000,0x0802,0x1004,0x0001,0x0801,0x0802,0x0803,0x0803,
  0x1004,0x1805,0x1805,0x2006,0x2007,0x2807,0x2808,0x3008,0x3009,0x400A,0x480A,0x500A,
  0x500B,0x580B,0x580A,0x680A,0x800B,0x800B,0x780A,0x8009,0x8009,0x8809,0x980A,0xA80A,
  0x9809,0x9008,0x9009,0x9008,0x9009,0xA80C,0xA80C,0xA00C,0x900C,0x780B,0x800D,0x780D,
  0x800E,0x9010,0x9011,0x700F,0x600E,0x580F,0x600F,0x8010,0x980F,0xA80B,0x980A,0xB809,
  0xC80A,0xD88B,0xF0CC,0xF86A,0xF807,0xF807,0xF8AB,0xF8AB,0xF807,0xF849,0xF86A,0xF86A,
  0xF88A,0xF88B,0xF90C,0xF8CC,0xF92D,0xD029,0xB007,0x9006,0x7805,0x0802,0x1002,0x1003,
  0x1803,0x2804,0x4005,0x7006,0x5806,0xB008,0xD06A,0xF14D,0xF90C,0xF8AB,0xF90C,0xF88B,
  0xF94D,0xF98D,0xF94C,0xF94D,0xF90C,0xF98E,0xF8AB,0xF829,0xF8CB,0xF18E,0xD8AB,0xC009,
  0xB809,0xA809,0x780A,0x780E,0x680E,0x680D,0x400E,0x580F,0x7010,0x580E,0x580E,0x580D,
  0x600D,0x700D,0x700C,0x700B,0x800B,0x800A,0x8009,0x880A,0xA80B,0xB00B,0xA80A,0xA80A,
  0xA80A,0xA80A,0xA00A,0x980A,0x980A,0x900A,0x880A,0x7809,0x700A,0x700A,0x5809,0x5009,
  0x5009,0x480A,0x4009,0x4009,0x3809,0x3008,0x2807,0x2007,0x2006,0x1805,0x1004,0x1004,
  0x0803,0x0803,0x0802,0x0001,0x0001,0x1004,0x0802,0x0000,0x0000,0x0000,0x0000,0x0000,
  0x0000,0x0000,0x0000,0x0000,0x0000,0x0000,0x1004,0x0001,0x0001,0x0802,0x0802,0x0803,
  0x1004,0x1004,0x1805,0x1806,0x2006,0x2807,0x2808,0x3008,0x3009,0x3009,0x400A,0x480A,
  0x500A,0x580A,0x580A,0x600A,0x680A,0x700A,0x780A,0x800A,0x880A,0x900A,0x9009,0x9009,
  0x9008,0x9008,0x9008,0x9009,0xA80A,0xA80B,0xA00B,0xA00C,0x800A,0x800B,0x880C,0x900E,
  0x980F,0x880F,0x700F,0x680F,0x600F,0x580E,0x680F,0x8011,0x600F,0x780B,0x900C,0xB00B,
  0xB809,0xD009,0xD88B,0xF0AB,0xF86A,0xF849,0xF849,0xF828,0xF829,0xF829,0xF849,0xF86A,
  0xF88A,0xF86A,0xF829,0xF8CB,0xE88B,0xC009,0xA807,0x5006,0x7006,0x2005,0x1805,0x2806,
  0x2806,0x2006,0x2806,0x3006,0x4806,0xA807,0xB829,0xE10C,0xF8EC,0xF8CB,0xF88A,0xF88A,
  0xF88A,0xF8AB,0xF8CB,0xF88A,0xF828,0xF90C,0xF92D,0xF92D,0xE94D,0xD06A,0xC809,0xB809,
  0x7009,0x880A,0x300B,0x300C,0x580E,0x600E,0x580F,0x500E,0x580E,0x600E,0x500D,0x680D,
  0x780D,0x700C,0x780C,0x800B,0x780A,0x800A,0x880A,0x980A,0xA00A,0xA80A,0xB00A,0xB00A,
  0xA80A,0xA80A,0xA80B,0xA00B,0x980A,0x880A,0x800A,0x7009,0x6809,0x6009,0x5809,0x580A,
  0x500A,0x4809,0x4009,0x3008,0x2807,0x2807,0x2807,0x2807,0x2006,0x1805,0x1004,0x1004,
  0x0803,0x0802,0x0802,0x0001,0x0001,0x1004,0x0000,0x0000,0x0000,0x0000,0x0000,0x0000,
  0x0000,0x0000,0x0000,0x0000,0x0000,0x0000,0x1004,0x0802,0x0001,0x0802,0x0802,0x0803,
  0x1004,0x1004,0x1805,0x1806,0x2006,0x2007,0x2807,0x2808,0x3009,0x3809,0x3809,0x4009,
  0x480A,0x480A,0x500A,0x600B,0x700B,0x780B,0x880B,0x880B,0x880A,0x900A,0x980A,0x980A,
  0x9809,0x9809,0xA00A,0xA00A,0xA00A,0xA80B,0xA00B,0x880A,0x880A,0x900C,0x980D,0x980E,
  0x880E,0x780E,0x700E,0x680E,0x580D,0x680F,0x8812,0x680F,0x500E,0x700F,0x780E,0x980A,
  0x800A,0xA80A,0xC809,0xC849,0xE0AB,0xF88A,0xF849,0xF869,0xF869,0xF86A,0xF84A,0xF88A,
  0xF849,0xF88A,0xF8AB,0xF8AB,0xD88B,0xB808,0xA007,0x6006,0x5806,0x1805,0x2005,0x3006,
  0x2006,0x2006,0x3806,0x6806,0x8007,0x9007,0xB808,0xD8EC,0xF92D,0xF849,0xF86A,0xF88A,
  0xF849,0xF86A,0xF8CC,0xF8AA,0xF86A,0xF86A,0xF8CB,0xE0CC,0xD04A,0xC009,0xB009,0xA00B,
  0x500B,0x400B,0x680D,0x380D,0x400D,0x8012,0x8812,0x8011,0x7810,0x8010,0x780F,0x680C,
  0x700C,0x800D,0x780C,0x780B,0x880B,0x980B,0x980A,0xA00A,0xA80A,0xA00A,0xA00A,0xA80A,
  0xA80A,0xA80B,0xA00B,0xA00B,0x980B,0x900A,0x780A,0x6809,0x6009,0x5809,0x5009,0x5009,
  0x500A,0x4809,0x4009,0x3008,0x2807,0x2007,0x1806,0x1806,0x1805,0x1805,0x1004,0x1003,
  0x0803,0x0802,0x0802,0x0001,0x0802,0x0803,0x0000,0x0000,0x0000,0x0000,0x0000,0x0000,
  0x0000,0x0000,0x0000,0x0000,0x0000,0x0000,0x0802,0x1004,0x0001,0x0001,0x0802,0x0803,
  0x1003,0x1004,0x1005,0x1805,0x1806,0x2006,0x2007,0x2808,0x3009,0x3809,0x3809,0x3809,
  0x3809,0x4009,0x500A,0x600B,0x700B,0x780B,0x800B,0x880B,0x800A,0x900A,0x980A,0xA00A,
  0xA00A,0xA80A,0xB00B,0xA009,0x9009,0x9809,0x8809,0x8809,0x980B,0xA00C,0xA00D,0x980D,
  0x800D,0x780D,0x680C,0x580C,0x700F,0x8811,0x680F,0x580E,0x8811,0x8811,0x880C,0x880A,
  0x800C,0xA00B,0xA809,0xC009,0xD06A,0xF0CC,0xF849,0xF8EC,0xF8EC,0xF8EC,0xF8EC,0xF8AB,
  0xF8AB,0xF8EC,0xF94D,0xE96D,0xC88A,0xC008,0x7807,0x4006,0x5005,0x1805,0x2005,0x2806,
  0x2005,0x2806,0x3006,0x5006,0x5007,0x8007,0xC008,0xC86A,0xF12D,0xF8EC,0xF8CC,0xF8AB,
  0xF84A,0xF90C,0xF92D,0xF94D,0xF90C,0xF829,0xE8EC,0xD04A,0xC809,0xC00A,0x800B,0x980D,
  0x680F,0x400C,0x480C,0x580F,0x7811,0x8812,0x9012,0x9012,0x8811,0x9010,0x9010,0x800E,
  0x700C,0x780B,0x880C,0x880B,0x800A,0x900A,0x900A,0xA00A,0xA00A,0xA80A,0xA00A,0xA00A,
  0xA00A,0xA00A,0xA00B,0x980B,0x900B,0x900B,0x780A,0x6809,0x6009,0x600A,0x5009,0x4009,
  0x4009,0x3809,0x3808,0x3008,0x2807,0x2007,0x1806,0x1805,0x1005,0x1004,0x1004,0x0803,
  0x0803,0x0802,0x0801,0x0001,0x1004,0x0802,0x0000,0x0000,0x0000,0x0000,0x0000,0x0000,
  0x0000,0x0000,0x0000,0x0000,0x0000,0x0000,0x0000,0x1004,0x0001,0x0001,0x0802,0x0802,
  0x0803,0x1003,0x1004,0x1805,0x1806,0x2006,0x2807,0x2808,0x3008,0x3009,0x3008,0x3009,
  0x3809,0x4009,0x500A,0x600B,0x700B,0x700B,0x780B,0x800B,0x800A,0x880A,0xA00B,0xA80B,
  0xA80B,0xA00A,0xA00A,0x9009,0x9008,0x8808,0x9809,0xA80B,0xB00C,0xA00B,0x980C,0x900C,
  0x780B,0x700B,0x600C,0x780E,0x9010,0x700F,0x680E,0x8011,0x8812,0x680F,0x380C,0x680E,
  0x700E,0x880B,0xA809,0xB809,0xD08B,0xF1AF,0xF9EF,0xF9EF,0xF90D,0xF8AB,0xF8AB,0xF90D,
  0xF92D,0xF98E,0xFA70,0xE12C,0xC029,0xA808,0x7007,0x4806,0x1804,0x1004,0x2005,0x3006,
  0x2806,0x3006,0x2806,0x2806,0x4806,0x7807,0xA807,0xC829,0xE96D,0xF94D,0xF8CC,0xF84A,
  0xF92D,0xF9CF,0xF8CC,0xF8AB,0xF98E,0xF90C,0xF08B,0xD06B,0xB809,0xB00A,0xB00C,0xA80D,
  0x8011,0x600F,0x380D,0x500E,0xA013,0x9012,0x8811,0x9812,0x9011,0x880F,0x800E,0x680C,
  0x800C,0x800B,0x800A,0x900B,0x900A,0x8809,0x9009,0x980A,0xA80A,0xA00A,0xA00A,0xA00A,
  0xA00A,0x980A,0x980A,0x980B,0x900B,0x800A,0x700A,0x700A,0x680A,0x600A,0x500A,0x4009,
  0x3808,0x3008,0x2808,0x2808,0x2807,0x2006,0x1806,0x1805,0x1805,0x1004,0x0803,0x0803,
  0x0802,0x0802,0x0001,0x0001,0x1004,0x0001,0x0000,0x0000,0x0000,0x0000,0x0000,0x0000,
  0x0000,0x0000,0x0000,0x0000,0x0000,0x0000,0x0000,0x0803,0x0803,0x0001,0x0001,0x0802,
  0x0803,0x1003,0x1004,0x1004,0x1805,0x2006,0x2007,0x2007,0x2808,0x2808,0x2808,0x3009,
  0x3809,0x400A,0x480A,0x500A,0x600B,0x680B,0x700B,0x780B,0x880B,0x900B,0xA00C,0xA00B,
  0x980A,0x9009,0x9009,0xA009,0x9809,0x9809,0xB00B,0xB00B,0xA80B,0x900A,0x880B,0x800A,
  0x780B,0x700B,0x780C,0x900F,0x780E,0x700E,0x8811,0x9011,0x7010,0x400D,0x600F,0x7010,
  0x600F,0x500C,0xB00A,0xC80A,0xE0ED,0xF98E,0xF96E,0xF96E,0xF8CC,0xF84A,0xF88B,0xF88B,
  0xF8CC,0xF94D,0xFA10,0xD8EB,0xB808,0x9007,0x8007,0x4806,0x3805,0x1804,0x1805,0x3006,
  0x2806,0x2806,0x2806,0x2806,0x3806,0x5806,0x8806,0xC808,0xE12D,0xF8EC,0xF88A,0xF86A,
  0xF849,0xF86A,0xF8EC,0xF8EC,0xF92D,0xF9AF,0xF90D,0xE04B,0xC82A,0xB009,0x980C,0x900D,
  0x500E,0x8011,0x6810,0x480E,0x680F,0x8811,0x7810,0x700E,0x700E,0x700D,0x800D,0x800C,
  0x700B,0x900C,0x880B,0x8009,0x900A,0x980A,0x9009,0x9008,0xA009,0xA80A,0xA00A,0xA00A,
  0xA00A,0xA00A,0x900A,0x880A,0x800A,0x780A,0x700A,0x600A,0x600A,0x600B,0x580A,0x4009,
  0x3808,0x3008,0x3008,0x3008,0x2007,0x1806,0x1806,0x1805,0x1805,0x1004,0x1003,0x0803,
  0x0802,0x0001,0x0001,0x0803,0x0803,0x0000,0x0000,0x0000,0x0000,0x0000,0x0000,0x0000,
  0x0000,0x0000,0x0000,0x0000,0x0000,0x0000,0x0000,0x0001,0x1004,0x0001,0x0001,0x0802,
  0x0802,0x1003,0x1004,0x1004,0x1005,0x1805,0x1806,0x2006,0x2007,0x3008,0x3008,0x3009,
  0x3809,0x400A,0x4009,0x4809,0x500A,0x600A,0x780B,0x800C,0x900C,0x900B,0x900B,0x900A,
  0x8809,0x8809,0x9809,0xA00A,0xA80A,0xB00A,0xA80A,0xA00A,0xA00A,0xA00B,0x880A,0x880A,
  0x780A,0x800B,0x880D,0x900E,0x900F,0x9010,0x9010,0x8010,0x500D,0x600E,0x7811,0x7010,
  0x500D,0x580D,0xA80C,0xD02B,0xE90D,0xF8EC,0xF88A,0xF94D,0xF86A,0xF86A,0xF86A,0xF86A,
  0xF849,0xF88A,0xF90C,0xD08B,0xB808,0xA007,0x9807,0x4006,0x2805,0x1805,0x2005,0x3006,
  0x2806,0x2806,0x2806,0x2005,0x1806,0x1805,0x8807,0xC008,0xD8AB,0xF8AB,0xF849,0xF86A,
  0xF84A,0xF849,0xF829,0xF8AB,0xF8EC,0xF88B,0xF92D,0xE0CC,0xC82B,0xB00B,0xB80D,0x9810,
  0x6010,0x580F,0x8812,0x7010,0x500D,0x580D,0x700F,0x600C,0x600C,0x680B,0x880D,0x880D,
  0x880C,0xA00C,0xA00B,0x900A,0x8809,0x980A,0xA00A,0x9809,0x9008,0x9809,0xA00A,0xA00A,
  0x980A,0x980A,0x900A,0x800A,0x7009,0x700A,0x700A,0x600A,0x5809,0x580A,0x500A,0x500A,
  0x4009,0x3808,0x3008,0x2807,0x2006,0x1806,0x1805,0x1005,0x1004,0x1004,0x1003,0x0802,
  0x0802,0x0001,0x0001,0x1004,0x0001,0x0000,0x0000,0x0000,0x0000,0x0000,0x0000,0x0000,
  0x0000,0x0000,0x0000,0x0000,0x0000,0x0000,0x0000,0x0000,0x1004,0x0802,0x0001,0x0801,
  0x0802,0x0803,0x1003,0x1004,0x1004,0x1005,0x1806,0x2006,0x2807,0x3008,0x3008,0x3008,
  0x3809,0x400A,0x4009,0x4009,0x500A,0x600B,0x700C,0x800C,0x800B,0x800B,0x900B,0x900A,
  0x8809,0x8809,0x9009,0xA80A,0xB00B,0xA80A,0xA00A,0xA00A,0x9809,0x980A,0x900A,0x8009,
  0x880A,0x880B,0x800C,0x880D,0xA00F,0xA010,0x880F,0x600D,0x600D,0x8010,0x7810,0x680E,
  0x880E,0xA80D,0xD00A,0xD86C,0xF12D,0xF92D,0xF88B,0xF86A,0xF86A,0xF88A,0xF86A,0xF88A,
  0xF88B,0xF8CC,0xF0EC,0xD06A,0xC008,0xA008,0x4807,0x2806,0x1805,0x1005,0x2806,0x3006,
  0x2806,0x2806,0x2806,0x1805,0x4006,0x2806,0x5806,0xC008,0xD06A,0xF0EC,0xF8AB,0xF86A,
  0xF849,0xF86A,0xF8AB,0xF88B,0xF8AB,0xF86A,0xF88A,0xE94D,0xD84B,0xC00C,0xA00E,0xA80E,
  0x8011,0x6810,0x680F,0x8811,0x780F,0x600D,0x680D,0x800E,0x680C,0x700C,0x780B,0x880C,
  0x980C,0xA00C,0xA00B,0x980A,0x980A,0xA00A,0xA00A,0xA009,0x9809,0x9009,0x9009,0x9809,
  0x900A,0x8009,0x7809,0x7809,0x780A,0x780A,0x680A,0x600A,0x5009,0x500A,0x500A,0x4009,
  0x3809,0x3809,0x3008,0x2807,0x1806,0x1805,0x1005,0x1004,0x1004,0x1003,0x0803,0x0802,
  0x0802,0x0001,0x0802,0x1004,0x0000,0x0000,0x0000,0x0000,0x0000,0x0000,0x0000,0x0000,
  0x0000,0x0000,0x0000,0x0000,0x0000,0x0000,0x0000,0x0000,0x0802,0x1004,0x0001,0x0001,
  0x0802,0x0802,0x0803,0x1004,0x1004,0x1005,0x1806,0x2006,0x2007,0x2808,0x2808,0x3008,
  0x3809,0x3809,0x3809,0x480A,0x600B,0x680B,0x700B,0x700B,0x700B,0x780A,0x800A,0x800A,
  0x8009,0x980A,0x980A,0xA80A,0xA00A,0xA009,0xA80A,0xA00A,0x9809,0x9009,0x9009,0x900A,
  0x880A,0x880B,0x880B,0x900D,0x980E,0x900E,0x700D,0x600C,0x800F,0x780F,0x680F,0x580E,
  0xA00E,0xB80C,0xC00B,0xE0AC,0xF98E,0xF92D,0xF8CC,0xF8AB,0xF8AB,0xF86A,0xF88A,0xF849,
  0xF88B,0xF8CC,0xE90C,0xD04A,0xA809,0x9808,0x6808,0x2807,0x1806,0x2006,0x2807,0x3007,
  0x3007,0x3007,0x3007,0x3007,0x5808,0x2807,0x5006,0x9808,0xC82A,0xF12D,0xF94D,0xF90C,
  0xF92D,0xF8CB,0xF8AB,0xF86A,0xF88B,0xF8EC,0xF8AB,0xF92D,0xE0CD,0xC80C,0xA80C,0x780C,
  0xA010,0xA814,0x8010,0x700F,0x8810,0x780E,0x680C,0x700C,0x900D,0xA00E,0x800B,0x800B,
  0xA80C,0xA00B,0xA80B,0xA00A,0x980A,0xB00B,0xA80A,0x9009,0x9809,0x980A,0x980A,0x900A,
  0x900A,0x900A,0x800A,0x7009,0x780A,0x780B,0x680A,0x600A,0x4809,0x4009,0x4009,0x3808,
  0x3008,0x3008,0x3008,0x2807,0x2006,0x1806,0x1005,0x1004,0x1004,0x1003,0x0802,0x0802,
  0x0001,0x0001,0x1004,0x0802,0x0000,0x0000,0x0000,0x0000,0x0000,0x0000,0x0000,0x0000,
  0x0000,0x0000,0x0000,0x0000,0x0000,0x0000,0x0000,0x0000,0x0000,0x1004,0x0802,0x0001,
  0x0802,0x0802,0x0803,0x0803,0x1004,0x1005,0x1805,0x2006,0x2006,0x2007,0x2807,0x2808,
  0x3008,0x3009,0x4009,0x500B,0x580B,0x600B,0x600B,0x680B,0x600A,0x680A,0x700A,0x780A,
  0x880A,0x900A,0xA00B,0xA00A,0x980A,0xA00A,0x9809,0x9809,0xA009,0x9009,0xA00A,0x900A,
  0x880A,0x900B,0x980C,0xA00D,0x980D,0x800C,0x680B,0x800D,0x780E,0x800F,0x600E,0x780E,
  0x880C,0xA80B,0xD00C,0xE0ED,0xF9AF,0xF92E,0xF8EC,0xF88A,0xF8CC,0xF8CC,0xF8CC,0xF869,
  0xF849,0xF8CB,0xE90D,0xC82A,0x9009,0xA809,0x8008,0x2807,0x2007,0x3808,0x3808,0x3808,
  0x3808,0x4008,0x3808,0x3008,0x3808,0x5808,0x6808,0xA009,0xC80A,0xE92D,0xF88A,0xF8CB,
  0xF94D,0xF88A,0xF849,0xF869,0xF86A,0xF88B,0xF8EB,0xF8EB,0xE92E,0xD80C,0xD00C,0x900E,
  0x9811,0xA813,0xA813,0x700E,0x780E,0x900F,0x880E,0x680B,0x800C,0x980D,0x800A,0x800A,
  0x980B,0xA00B,0xA00A,0xA00A,0xA00A,0xA00A,0xB00A,0xA00A,0x9008,0x8809,0x980A,0x980B,
  0x900A,0x880A,0x800A,0x700A,0x680A,0x680A,0x600A,0x580A,0x4809,0x3809,0x3008,0x3008,
  0x3008,0x2807,0x2807,0x2006,0x2006,0x2006,0x1805,0x1004,0x1003,0x0803,0x0802,0x0802,
  0x0001,0x0802,0x1004,0x0000,0x0000,0x0000,0x0000,0x0000,0x0000,0x0000,0x0000,0x0000,
  0x0000,0x0000,0x0000,0x0000,0x0000,0x0000,0x0000,0x0000,0x0000,0x0803,0x0803,0x0001,
  0x0001,0x0802,0x0803,0x0803,0x1004,0x1004,0x1805,0x1806,0x2006,0x2007,0x2007,0x2007,
  0x2808,0x3009,0x400A,0x480A,0x480A,0x480A,0x480A,0x580A,0x600A,0x700B,0x700A,0x880B,
  0x900B,0x900B,0x980B,0x980A,0xA00A,0xA00A,0x9809,0x9009,0x9008,0x9009,0x9009,0x9009,
  0x980A,0xA00B,0xA00C,0x980C,0x900C,0x780B,0x800C,0x800D,0x800E,0x780E,0x780E,0x680E,
  0x680C,0xB80C,0xD02B,0xE92D,0xF14E,0xF96E,0xF92C,0xF86A,0xF88A,0xF88B,0xF8CC,0xF8EC,
  0xF88A,0xF90C,0xE8ED,0xC809,0xB009,0x7009,0x6009,0x3009,0x2808,0x3008,0x400A,0x400A,
  0x400A,0x480A,0x400A,0x3009,0x5808,0x8009,0x6809,0xA80A,0xD00A,0xE90D,0xF88A,0xF88A,
  0xF8CC,0xF8CC,0xF88B,0xF86A,0xF90C,0xF92C,0xF828,0xF96D,0xF16F,0xD82B,0xA00C,0xA00D,
  0x680F,0x8810,0xA011,0x880F,0x680C,0xA00F,0x980E,0x880C,0x780A,0x800A,0x900B,0x8009,
  0x8809,0x8809,0xA00A,0xA00A,0xA00A,0xA80A,0xA00A,0xA00A,0xA80A,0x9009,0x8009,0x880A,
  0x880A,0x880A,0x780A,0x680A,0x680A,0x5809,0x5009,0x4809,0x4809,0x4009,0x3008,0x3008,
  0x3008,0x2807,0x2807,0x2006,0x1805,0x1005,0x1805,0x1004,0x1003,0x0803,0x0802,0x0801,
  0x0001,0x0803,0x0802,0x0000,0x0000,0x0000,0x0000,0x0000,0x0000,0x0000,0x0000,0x0000,
  0x0000,0x0000,0x0000,0x0000,0x0000,0x0000,0x0000,0x0000,0x0000,0x0000,0x1004,0x0801,
  0x0001,0x0802,0x0802,0x0803,0x0803,0x1004,0x1004,0x1805,0x1806,0x1806,0x2007,0x2007,
  0x3008,0x3809,0x400A,0x3809,0x4009,0x400A,0x480A,0x500A,0x580A,0x680A,0x780B,0x880B,
  0x880B,0x900B,0x980B,0x980B,0xA00B,0xA80B,0x9809,0x9008,0x9809,0xA009,0x9809,0x9809,
  0xA00A,0xA80B,0xA00B,0x980B,0xA00C,0x900C,0x800B,0x900D,0x980E,0x880E,0x800E,0x780C,
  0xB00C,0xD00B,0xD86C,0xF12D,0xF92D,0xF92C,0xF8AB,0xF88B,0xF8AB,0xF86A,0xF8CC,0xF90D,
  0xF98E,0xF92D,0xE90D,0xC80A,0xB809,0xA80A,0x700A,0x680B,0x500B,0x300A,0x500C,0x500C,
  0x500C,0x580C,0x480C,0x700B,0x480A,0x680A,0xB009,0xB809,0xD02B,0xE8ED,0xF98E,0xF90C,
  0xF8CB,0xF88A,0xF869,0xF828,0xF88A,0xF8EC,0xF808,0xF94C,0xF16E,0xD84B,0xB00A,0xA80C,
  0x780E,0x680D,0x780E,0x880E,0x800D,0x780C,0x900D,0x900C,0x900B,0x800A,0xA00B,0xA00B,
  0x9009,0x8809,0x9009,0xA00A,0xA00A,0xA009,0xA80A,0xA00A,0xA00B,0xA00B,0x880A,0x7809,
  0x7809,0x7009,0x700A,0x680A,0x600A,0x580A,0x5009,0x4809,0x3809,0x3808,0x3008,0x3008,
  0x2808,0x2807,0x2006,0x1806,0x1805,0x1805,0x1004,0x1003,0x1003,0x0802,0x0802,0x0001,
  0x0001,0x1004,0x0000,0x0000,0x0000,0x0000,0x0000,0x0000,0x0000,0x0000,0x0000,0x0000,
  0x0000,0x0000,0x0000,0x0000,0x0000,0x0000,0x0000,0x0000,0x0000,0x0000,0x0803,0x0803,
  0x0001,0x0001,0x0802,0x0802,0x0803,0x1004,0x1004,0x1005,0x1005,0x1806,0x2007,0x2808,
  0x3008,0x3009,0x2808,0x3008,0x400A,0x480A,0x500A,0x500A,0x580A,0x600A,0x780B,0x780B,
  0x800B,0x900C,0x900B,0x980B,0xA00B,0x980A,0x9009,0x9009,0xA00A,0xA80A,0xA80A,0xA80A,
  0xA80A,0xA80B,0x980A,0xA00B,0xA80C,0x980C,0x880B,0x980D,0x880C,0x900E,0x780C,0xA00B,
  0xC00B,0xD00A,0xE06C,0xF12D,0xF86A,0xF86A,0xF88B,0xF8CC,0xF8AC,0xF8AB,0xF8CC,0xF88B,
  0xF98E,0xF94D,0xF14E,0xD06B,0xB80A,0xA80A,0x600B,0x780B,0x600A,0x380C,0x580D,0x580D,
  0x680E,0x600E,0x600D,0x880D,0x580C,0x680B,0xB00C,0xC00A,0xD88C,0xF12D,0xF8EB,0xF86A,
  0xF86A,0xF86A,0xF88B,0xF849,0xF88A,0xF8EC,0xF869,0xF8AA,0xF12D,0xE06C,0xC00B,0xA00B,
  0xA80D,0x780C,0x780D,0x900E,0x900D,0x800B,0x780A,0x880B,0x900B,0x980B,0xA00B,0xA80B,
  0xA00A,0x9009,0x9008,0x9809,0xA80A,0xA00A,0xA00A,0xA80B,0x980A,0x980B,0x980B,0x880A,
  0x7009,0x700A,0x680A,0x6009,0x5809,0x5009,0x4809,0x4009,0x3809,0x3008,0x2808,0x2807,
  0x2807,0x2006,0x1806,0x1805,0x1005,0x1004,0x1004,0x1003,0x0803,0x0802,0x0801,0x0001,
  0x0803,0x0803,0x0000,0x0000,0x0000,0x0000,0x0000,0x0000,0x0000,0x0000,0x0000,0x0000,
  0x0000,0x0000,0x0000,0x0000,0x0000,0x0000,0x0000,0x0000,0x0000,0x0000,0x0000,0x1004,
  0x0801,0x0001,0x0802,0x0802,0x0803,0x0803,0x1004,0x1005,0x1805,0x2006,0x2807,0x2807,
  0x2808,0x2007,0x2808,0x3008,0x3809,0x400A,0x480A,0x580B,0x600B,0x680B,0x680B,0x780B,
  0x800B,0x880B,0x900B,0x980B,0x900A,0x980A,0x900A,0x9009,0x9009,0xA009,0xA80A,0xA80A,
  0xA80A,0xA00A,0x980A,0xA80B,0xA80B,0xA00C,0x980B,0x900B,0x900C,0x880C,0x700B,0x980C,
  0xA80B,0xC80B,0xE04C,0xF8AB,0xF868,0xF86A,0xF849,0xF869,0xF8CC,0xF8CC,0xF86B,0xF88A,
  0xF8CB,0xF8AB,0xF8AB,0xE90D,0xD02B,0xC00B,0xB00B,0x700B,0x700B,0x600D,0x680F,0x500D,
  0x600E,0x7010,0x700F,0x7010,0xA00D,0xC80A,0xD00C,0xD02B,0xE92D,0xF94D,0xF829,0xF8AB,
  0xF88A,0xF86A,0xF8AB,0xF8CC,0xF8EC,0xF8AC,0xF8AB,0xF88B,0xF10D,0xE0AC,0xD80B,0xA80A,
  0xB00C,0x900D,0x880D,0x980E,0x900C,0x900C,0x800A,0x880A,0x900A,0x980A,0xA00A,0x9009,
  0x9809,0xA009,0x9008,0x9008,0x9009,0xA00A,0xA80B,0x980A,0x980B,0x980B,0x900B,0x900B,
  0x780A,0x700A,0x680A,0x600A,0x5009,0x4809,0x4809,0x4009,0x3809,0x3008,0x2807,0x2007,
  0x2006,0x2006,0x1806,0x1805,0x1004,0x1004,0x1003,0x0803,0x0802,0x0802,0x0001,0x0801,
  0x1004,0x0000,0x0000,0x0000,0x0000,0x0000,0x0000,0x0000,0x0000,0x0000,0x0000,0x0000,
  0x0000,0x0000,0x0000,0x0000,0x0000,0x0000,0x0000,0x0000,0x0000,0x0000,0x0000,0x0803,
  0x0803,0x0001,0x0001,0x0802,0x0802,0x0803,0x1004,0x1805,0x1805,0x2006,0x1806,0x1806,
  0x2007,0x2007,0x2808,0x2808,0x3009,0x400A,0x500A,0x580B,0x580B,0x600B,0x680B,0x700B,
  0x780B,0x800B,0x880B,0x800A,0x880A,0x900A,0x8809,0x8809,0x9009,0xA00A,0xA80A,0xA80A,
  0xA80A,0x9809,0x9009,0xA80B,0xA80B,0xA80B,0x980B,0xA00C,0xA80D,0x880B,0x780B,0xB00B,
  0xB80A,0xC80B,0xE84B,0xF8AB,0xF8AB,0xF849,0xF849,0xF86A,0xF8AB,0xF88A,0xF849,0xF849,
  0xF849,0xF849,0xF86A,0xF1CF,0xE0CD,0xD00B,0xC80A,0xA80A,0x600C,0x600F,0x900F,0x600E,
  0x7010,0x8011,0x8010,0xC00C,0xB00C,0xC80B,0xD82C,0xE8CD,0xF9AE,0xF94D,0xF92D,0xF88B,
  0xF88A,0xF8EC,0xF90C,0xF90C,0xF90C,0xF90D,0xF8AB,0xF98D,0xF94D,0xE10D,0xE00B,0xA80C,
  0x900E,0x900D,0x980D,0x980D,0x900C,0x980B,0x900B,0x8809,0x9009,0x9009,0x9809,0x9809,
  0x9008,0x9809,0x9809,0x9009,0x9009,0x9009,0x980A,0x980A,0x900A,0x900B,0x900B,0x800B,
  0x780B,0x700A,0x680A,0x580A,0x4809,0x4009,0x4809,0x3809,0x3008,0x3008,0x2807,0x2007,
  0x1806,0x1806,0x1805,0x1005,0x1004,0x1004,0x1003,0x0802,0x0802,0x0801,0x0001,0x1003,
  0x0802,0x0000,0x0000,0x0000,0x0000,0x0000,0x0000,0x0000,0x0000,0x0000,0x0000,0x0000,
  0x0000,0x0000,0x0000,0x0000,0x0000,0x0000,0x0000,0x0000,0x0000,0x0000,0x0000,0x0000,
  0x1004,0x0802,0x0001,0x0802,0x0802,0x0803,0x1003,0x1004,0x1004,0x1005,0x1005,0x1806,
  0x1806,0x2007,0x2007,0x2808,0x3008,0x3809,0x480A,0x480A,0x500A,0x600B,0x600B,0x680B,
  0x780B,0x780B,0x700A,0x780A,0x800A,0x800A,0x880A,0x980A,0xA00A,0xA80A,0xA80B,0xA80A,
  0xA80A,0xA009,0x9008,0x9809,0xA80B,0x980A,0xA00B,0xA80C,0x980B,0x880A,0xA00C,0xA80B,
  0xC00A,0xD00A,0xE04B,0xF8CC,0xF92D,0xF90D,0xF8CC,0xF8AB,0xF8AB,0xF84A,0xF88B,0xF84A,
  0xF86A,0xF86A,0xF88B,0xF8EC,0xF92D,0xE0AC,0xC80B,0xC80A,0x880C,0x900D,0x9810,0x9810,
  0xA810,0xA810,0xA00F,0xC80B,0xB00A,0xD02B,0xF0AD,0xF94D,0xF96D,0xF92C,0xF96E,0xF8AB,
  0xF8EC,0xF90C,0xF92C,0xF92C,0xF92C,0xF92C,0xF90D,0xF9EF,0xF1CF,0xE8ED,0xD00B,0xA00D,
  0xA00D,0xA80C,0x900B,0x880B,0x900B,0x980B,0x980A,0x980A,0x8809,0x9009,0x9008,0x9809,
  0x9809,0x9008,0x9809,0x9809,0x9009,0x8809,0x8009,0x900A,0x900A,0x800A,0x800B,0x800B,
  0x700A,0x680B,0x680B,0x580A,0x4009,0x3809,0x3808,0x3008,0x2808,0x2807,0x2807,0x2807,
  0x2006,0x1806,0x1005,0x1004,0x1004,0x1003,0x0803,0x0802,0x0802,0x0001,0x0802,0x1004,
  0x0000,0x0000,0x0000,0x0000,0x0000,0x0000,0x0000,0x0000,0x0000,0x0000,0x0000,0x0000,
  0x0000,0x0000,0x0000,0x0000,0x0000,0x0000,0x0000,0x0000,0x0000,0x0000,0x0000,0x0000,
  0x0802,0x1004,0x0001,0x0001,0x0802,0x0802,0x0803,0x0803,0x1004,0x1004,0x1005,0x1806,
  0x1806,0x1806,0x2007,0x2808,0x3008,0x3809,0x400A,0x480A,0x580B,0x580B,0x600B,0x680B,
  0x600B,0x600A,0x680A,0x780A,0x700A,0x800A,0x900B,0xA00B,0xA00B,0xA00B,0xA00A,0xA00A,
  0xA80A,0xA009,0x9008,0xA009,0xA00A,0x980A,0xA00B,0xA80B,0x900A,0x880A,0xA80A,0x980B,
  0xB80A,0xC00A,0xE02A,0xF0CC,0xF98E,0xF96E,0xF92D,0xF92D,0xF8AC,0xF8AB,0xF8AB,0xF88B,
  0xF8AC,0xF8AB,0xF88B,0xF90C,0xF88A,0xF90C,0xE8CD,0xD82B,0xB00B,0xC80C,0xD00C,0xB00F,
  0xB010,0xC80E,0xC80D,0xC80B,0xD02B,0xE8CC,0xF92D,0xF92C,0xF86A,0xF8EC,0xF8EC,0xF8CB,
  0xF88A,0xF96D,0xF8EC,0xF8AB,0xF90C,0xF8EB,0xF90C,0xF92D,0xF16E,0xD04B,0xC00A,0xB80B,
  0xB00D,0xA00C,0x880A,0x880A,0x900A,0x980A,0xA00A,0xA00A,0x9809,0x9008,0x9009,0x9809,
  0xA009,0x9809,0x9009,0x980A,0x900A,0x8809,0x8009,0x7809,0x780A,0x800A,0x780A,0x700B,
  0x700B,0x600A,0x580A,0x5009,0x4009,0x3808,0x3008,0x2808,0x2807,0x2007,0x2006,0x2006,
  0x2006,0x1805,0x1005,0x1004,0x1004,0x0803,0x0802,0x0802,0x0001,0x0001,0x1004,0x0802,
  0x0000,0x0000,0x0000,0x0000,0x0000,0x0000,0x0000,0x0000,0x0000,0x0000,0x0000,0x0000,
  0x0000,0x0000,0x0000,0x0000,0x0000,0x0000,0x0000,0x0000,0x0000,0x0000,0x0000,0x0000,
  0x0000,0x1004,0x0802,0x0001,0x0001,0x0802,0x0802,0x0803,0x1003,0x1004,0x1805,0x1806,
  0x1806,0x1806,0x2007,0x2808,0x3009,0x3809,0x4009,0x480A,0x500B,0x580B,0x500B,0x500A,
  0x500A,0x600A,0x680A,0x680A,0x700A,0x780A,0x900B,0x980B,0xA00B,0x980B,0xA00A,0x9809,
  0x9809,0x9009,0x9809,0xA80A,0x9809,0xA00A,0xA00A,0x980A,0x9009,0x980A,0x900B,0xA80A,
  0xA00A,0xC00A,0xD80A,0xE06B,0xF94D,0xF90C,0xF8EC,0xF8CC,0xF88B,0xF849,0xF829,0xF849,
  0xF86A,0xF8AB,0xF90C,0xF8CB,0xF88A,0xF8CB,0xF94D,0xE8ED,0xD84B,0xD80B,0xD00C,0xC00C,
  0xD00C,0xC80D,0xD00C,0xD84B,0xE90D,0xF90D,0xF92D,0xF8CC,0xF88B,0xF8AB,0xF88A,0xF88B,
  0xF8AB,0xF88A,0xF86A,0xF88B,0xF8CB,0xF90D,0xF96E,0xF98E,0xD86B,0xC009,0xA80B,0xC00A,
  0xB80C,0xA80C,0x880A,0x8809,0x9009,0x980A,0x980A,0xA00A,0xA009,0x9009,0x9008,0x9009,
  0x9009,0xA80A,0xA00A,0x8809,0x900A,0x880A,0x7809,0x7809,0x7009,0x700A,0x700A,0x700B,
  0x680B,0x600B,0x580A,0x4809,0x4009,0x3809,0x3008,0x2807,0x2007,0x2007,0x1806,0x1806,
  0x1805,0x1805,0x1004,0x1004,0x1003,0x0803,0x0802,0x0801,0x0001,0x0802,0x1004,0x0000,
  0x0000,0x0000,0x0000,0x0000,0x0000,0x0000,0x0000,0x0000,0x0000,0x0000,0x0000,0x0000,
  0x0000,0x0000,0x0000,0x0000,0x0000,0x0000,0x0000,0x0000,0x0000,0x0000,0x0000,0x0000,
  0x0000,0x0001,0x1004,0x0001,0x0001,0x0802,0x0802,0x0803,0x0803,0x1004,0x1005,0x1805,
  0x1806,0x1806,0x2007,0x2808,0x3008,0x3809,0x3809,0x3809,0x400A,0x400A,0x4009,0x4009,
  0x500A,0x580A,0x600A,0x600A,0x680A,0x880B,0x900B,0x900B,0x980B,0x980B,0x980A,0x9009,
  0x9009,0x9809,0xA00A,0xA009,0xA00A,0xA80A,0xA00A,0x9809,0x9809,0xA00A,0x980A,0xB00A,
  0x900A,0xC00B,0xC809,0xD80A,0xF0ED,0xF94D,0xF92D,0xF8AB,0xF8AB,0xF86A,0xF86A,0xF849,
  0xF86A,0xF88B,0xF8AB,0xF88B,0xF88B,0xF86A,0xF8AB,0xF90C,0xF10D,0xE8CD,0xE02B,0xD00A,
  0xD00B,0xE02B,0xE06C,0xF10D,0xF90D,0xF8EC,0xF8AB,0xF84A,0xF86A,0xF88B,0xF86A,0xF8AB,
  0xF88A,0xF84A,0xF88B,0xF86A,0xF8CC,0xF90C,0xF94D,0xE8AC,0xD00A,0xD009,0xC00A,0xA00A,
  0x900A,0xA00B,0x8809,0x8809,0x9009,0x9809,0xA00A,0x9809,0xA00A,0xA00A,0x9009,0x9008,
  0x9809,0xA00A,0xA80B,0x980B,0x8009,0x880A,0x800A,0x780A,0x6809,0x6009,0x6009,0x680A,
  0x600B,0x580A,0x580A,0x480A,0x3809,0x3008,0x3008,0x2807,0x2007,0x2006,0x1806,0x1805,
  0x1005,0x1004,0x1004,0x0803,0x0803,0x0802,0x0802,0x0001,0x0001,0x1004,0x0001,0x0000,
  0x0000,0x0000,0x0000,0x0000,0x0000,0x0000,0x0000,0x0000,0x0000,0x0000,0x0000,0x0000,
  0x0000,0x0000,0x0000,0x0000,0x0000,0x0000,0x0000,0x0000,0x0000,0x0000,0x0000,0x0000,
  0x0000,0x0000,0x0803,0x0803,0x0001,0x0001,0x0802,0x0802,0x0803,0x1004,0x1004,0x1805,
  0x1805,0x2006,0x2007,0x2807,0x3008,0x3008,0x3008,0x3008,0x3009,0x3009,0x3809,0x480A,
  0x480A,0x500A,0x600B,0x600A,0x700B,0x800C,0x880B,0x880B,0x880B,0x880A,0x8809,0x8809,
  0x900A,0xA00A,0xA00A,0xA00A,0xA80A,0xA00A,0x9809,0x9809,0xA00A,0xA00A,0x980A,0xA00A,
  0xA00A,0xB80B,0xC80A,0xD00A,0xE02A,0xF12D,0xF90C,0xF8AB,0xF88B,0xF8AB,0xF86A,0xF86A,
  0xF84A,0xF84A,0xF84A,0xF849,0xF86A,0xF86A,0xF88B,0xF86A,0xF88A,0xF8CC,0xF0AC,0xE06B,
  0xE04B,0xF0AD,0xF8EC,0xF90C,0xF8AB,0xF88B,0xF88A,0xF829,0xF849,0xF829,0xF829,0xF88B,
  0xF88B,0xF86A,0xF88B,0xF849,0xF86A,0xF90C,0xF0CC,0xD82A,0xC809,0xA00A,0x980A,0x980A,
  0x8809,0x980A,0x980A,0x9809,0x9809,0x9009,0xA00A,0x9809,0xA00A,0xA80A,0x9809,0x9009,
  0x980A,0x980A,0x980A,0xA00B,0x900A,0x7809,0x780A,0x800B,0x680A,0x5809,0x5009,0x5009,
  0x580A,0x500A,0x480A,0x480A,0x4009,0x3008,0x2807,0x2007,0x2006,0x2006,0x1805,0x1005,
  0x1004,0x1004,0x1003,0x0803,0x0802,0x0802,0x0801,0x0001,0x0803,0x0803,0x0000,0x0000,
  0x0000,0x0000,0x0000,0x0000,0x0000,0x0000,0x0000,0x0000,0x0000,0x0000,0x0000,0x0000,
  0x0000,0x0000,0x0000,0x0000,0x0000,0x0000,0x0000,0x0000,0x0000,0x0000,0x0000,0x0000,
  0x0000,0x0000,0x0000,0x1004,0x0802,0x0001,0x0801,0x0802,0x0802,0x1003,0x1004,0x1004,
  0x1805,0x1806,0x2006,0x2807,0x2007,0x2007,0x2808,0x2808,0x2808,0x3008,0x3809,0x4009,
  0x4009,0x4809,0x500A,0x580A,0x700B,0x780B,0x780B,0x780B,0x780A,0x780A,0x800A,0x900A,
  0xA00B,0xA00B,0xA00A,0xA80A,0xA00A,0xA009,0x9809,0xA00A,0xA00A,0xA00A,0x9809,0xA009,
  0xA80A,0xB00A,0xC00A,0xB80A,0xD809,0xE06B,0xF1AF,0xF98E,0xF8CC,0xF8CB,0xF86A,0xF828,
  0xF808,0xF808,0xF829,0xF828,0xF828,0xF849,0xF849,0xF828,0xF808,0xF828,0xF849,0xF08B,
  0xF8AC,0xF8AB,0xF8AB,0xF849,0xF86A,0xF828,0xF828,0xF849,0xF829,0xF849,0xF829,0xF829,
  0xF829,0xF84A,0xF849,0xF849,0xF86A,0xF8AC,0xE02A,0xD009,0xD00A,0xA00A,0x8009,0x980A,
  0x9009,0x9009,0xA00A,0x9809,0x9009,0x9008,0x9809,0xA00A,0x9009,0x9809,0x980A,0x9009,
  0x900A,0x980A,0x900A,0x900B,0x900B,0x780A,0x6809,0x780B,0x680A,0x5009,0x5009,0x4809,
  0x4009,0x4809,0x4809,0x4009,0x3809,0x3008,0x2807,0x2006,0x2006,0x1805,0x1005,0x1004,
  0x1004,0x0803,0x0803,0x0802,0x0802,0x0801,0x0001,0x0802,0x1004,0x0000,0x0000,0x0000,
  0x0000,0x0000,0x0000,0x0000,0x0000,0x0000,0x0000,0x0000,0x0000,0x0000,0x0000,0x0000,
  0x0000,0x0000,0x0000,0x0000,0x0000,0x0000,0x0000,0x0000,0x0000,0x0000,0x0000,0x0000,
  0x0000,0x0000,0x0000,0x0802,0x1004,0x0001,0x0001,0x0802,0x0802,0x0803,0x0803,0x1004,
  0x1805,0x1805,0x1806,0x1806,0x2006,0x2007,0x2007,0x2007,0x2808,0x3809,0x4009,0x3809,
  0x3809,0x4009,0x480A,0x580B,0x700C,0x700B,0x700B,0x680A,0x700A,0x800A,0x880B,0x980B,
  0x980B,0x980A,0xA00B,0xA00A,0x980A,0x9809,0x9809,0xA80A,0xA80A,0xA80A,0xA80A,0xA00A,
  0x9009,0x9809,0xD009,0xC809,0xD009,0xD809,0xE8AC,0xFA50,0xF90C,0xF808,0xF828,0xF869,
  0xF869,0xF808,0xF828,0xF828,0xF808,0xF808,0xF808,0xF829,0xF807,0xF827,0xF889,0xF8CB,
  0xF84A,0xF829,0xF8AB,0xF849,0xF806,0xF828,0xF848,0xF849,0xF84A,0xF84A,0xF86A,0xF88B,
  0xF88B,0xF88B,0xF8AB,0xF8AB,0xF08B,0xE86B,0xD009,0xD009,0xA009,0xA009,0x8809,0x9009,
  0xA00A,0x9009,0xA80A,0xB00A,0xA009,0x9008,0x9809,0xA00A,0x980A,0x980A,0x980A,0x980A,
  0x900A,0x880A,0x880A,0x780A,0x780A,0x800B,0x6809,0x6009,0x600A,0x5009,0x4809,0x4009,
  0x3808,0x3808,0x3808,0x3808,0x3008,0x3008,0x2807,0x2006,0x1805,0x1805,0x1005,0x1004,
  0x1003,0x0803,0x0803,0x0802,0x0001,0x0001,0x0001,0x1004,0x0002,0x0000,0x0000,0x0000,
  0x0000,0x0000,0x0000,0x0000,0x0000,0x0000,0x0000,0x0000,0x0000,0x0000,0x0000,0x0000,
  0x0000,0x0000,0x0000,0x0000,0x0000,0x0000,0x0000,0x0000,0x0000,0x0000,0x0000,0x0000,
  0x0000,0x0000,0x0000,0x0000,0x1003,0x0803,0x0001,0x0001,0x0802,0x0802,0x0803,0x1004,
  0x1004,0x1805,0x1805,0x1805,0x1806,0x2006,0x1807,0x2007,0x3008,0x3009,0x3009,0x3809,
  0x3809,0x4009,0x480A,0x580B,0x600B,0x600A,0x580A,0x600A,0x700A,0x780B,0x880B,0x900B,
  0x880B,0x900B,0x980B,0x980A,0x980A,0x9009,0xA00A,0xA80A,0xA80A,0xA00A,0xA80A,0xB00A,
  0xA009,0xA00A,0xB009,0xB809,0xB809,0xD809,0xE80A,0xE8CC,0xF92D,0xF849,0xF849,0xF8CB,
  0xF8AA,0xF807,0xF849,0xF849,0xF828,0xF828,0xF828,0xF84A,0xF807,0xF8EB,0xF96E,0xF8CB,
  0xF8EC,0xF88A,0xF88A,0xF849,0xF829,0xF828,0xF8AA,0xF88A,0xF90C,0xF88B,0xF8CB,0xF84A,
  0xF86A,0xF8AB,0xF90C,0xF94D,0xE88B,0xD809,0xD809,0xD009,0xB80A,0x8809,0x9009,0x9008,
  0xA009,0xA00A,0xA00A,0xA80A,0xA00A,0x9009,0x9009,0xA00A,0xA00A,0x980A,0x980A,0x980A,
  0x880A,0x7809,0x7009,0x7009,0x700A,0x700A,0x700B,0x5809,0x5009,0x580A,0x500A,0x4009,
  0x3808,0x3008,0x2807,0x3008,0x3008,0x2807,0x2807,0x2006,0x1805,0x1005,0x1004,0x1004,
  0x0803,0x0803,0x0802,0x0802,0x0001,0x0001,0x0803,0x0803,0x0000,0x0000,0x0000,0x0000,
  0x0000,0x0000,0x0000,0x0000,0x0000,0x0000,0x0000,0x0000,0x0000,0x0000,0x0000,0x0000,
  0x0000,0x0000,0x0000,0x0000,0x0000,0x0000,0x0000,0x0000,0x0000,0x0000,0x0000,0x0000,
  0x0000,0x0000,0x0000,0x0000,0x0000,0x1004,0x0802,0x0001,0x0001,0x0802,0x1003,0x1003,
  0x1003,0x1004,0x1005,0x1005,0x1805,0x1806,0x1806,0x2007,0x2007,0x2008,0x2808,0x2808,
  0x3009,0x4009,0x480A,0x480A,0x4809,0x4809,0x500A,0x600A,0x700B,0x800B,0x880C,0x880B,
  0x900B,0x980C,0x900B,0x900A,0x980A,0x980A,0xA00B,0xA00A,0xA00A,0xA00A,0xB00A,0xA80A,
  0xA80A,0xB00A,0x9809,0xB009,0xA008,0xD009,0xE009,0xE009,0xF0EC,0xF8CC,0xF8CB,0xF848,
  0xF827,0xF849,0xF88B,0xF849,0xF84A,0xF84A,0xF849,0xF86A,0xF86A,0xF889,0xF96D,0xF8EB,
  0xF88A,0xF8AA,0xF88A,0xF88A,0xF86A,0xF8AB,0xF8AB,0xF8AB,0xF8CC,0xF8CC,0xF90D,0xF849,
  0xF86A,0xF90C,0xF98E,0xE8EC,0xD82A,0xD809,0xD009,0xB009,0xC00A,0xA80A,0xA009,0x9809,
  0x9809,0xA00A,0x9809,0x9809,0x9809,0x9009,0x8809,0x9009,0x980A,0x900A,0x880A,0x8009,
  0x800A,0x780A,0x6809,0x6809,0x680A,0x5809,0x600A,0x600A,0x5009,0x4809,0x4809,0x4009,
  0x3808,0x3008,0x2807,0x2807,0x2807,0x2007,0x2006,0x2006,0x1805,0x1004,0x1004,0x0803,
  0x0803,0x0802,0x0802,0x0001,0x0001,0x0802,0x1004,0x0000,0x0000,0x0000,0x0000,0x0000,
  0x0000,0x0000,0x0000,0x0000,0x0000,0x0000,0x0000,0x0000,0x0000,0x0000,0x0000,0x0000,
  0x0000,0x0000,0x0000,0x0000,0x0000,0x0000,0x0000,0x0000,0x0000,0x0000,0x0000,0x0000,
  0x0000,0x0000,0x0000,0x0000,0x0000,0x0001,0x1004,0x0001,0x0001,0x0802,0x0802,0x0802,
  0x0803,0x1004,0x1004,0x1004,0x1005,0x1806,0x2006,0x2007,0x2007,0x2007,0x2808,0x2808,
  0x3009,0x3809,0x3809,0x4009,0x4009,0x4009,0x500A,0x600B,0x680B,0x780B,0x780B,0x800B,
  0x900C,0x900B,0x880B,0x900B,0x980B,0xA00B,0xA00B,0x980A,0x980A,0xA80A,0xA80A,0xA00A,
  0xA80A,0xA80A,0xA009,0xA008,0xB009,0xC809,0xC809,0xD009,0xE02A,0xF0CC,0xF96D,0xF8CB,
  0xF869,0xF849,0xF8EC,0xF8AB,0xF8AC,0xF8EC,0xF8CB,0xF8AB,0xF92D,0xF828,0xF92C,0xF869,
  0xF88A,0xF94C,0xF849,0xF86A,0xF8CB,0xF8EB,0xF8AB,0xF8CC,0xF8AB,0xF8AB,0xF88B,0xF88B,
  0xF8EC,0xF94D,0xF0EC,0xE029,0xE009,0xB809,0xB009,0xB00A,0xA80A,0xA80A,0xA00A,0xA00A,
  0x9809,0xA00A,0xA00A,0x9809,0x980A,0x980A,0x8809,0x8009,0x900A,0x900A,0x880A,0x800A,
  0x780A,0x780A,0x700A,0x5809,0x5809,0x5809,0x4809,0x580A,0x500A,0x4009,0x4009,0x4009,
  0x3808,0x3007,0x2807,0x2007,0x2006,0x2006,0x2006,0x1805,0x1805,0x1804,0x1004,0x0803,
  0x0802,0x0802,0x0001,0x0001,0x0001,0x1004,0x0001,0x0000,0x0000,0x0000,0x0000,0x0000,
  0x0000,0x0000,0x0000,0x0000,0x0000,0x0000,0x0000,0x0000,0x0000,0x0000,0x0000,0x0000,
  0x0000,0x0000,0x0000,0x0000,0x0000,0x0000,0x0000,0x0000,0x0000,0x0000,0x0000,0x0000,
  0x0000,0x0000,0x0000,0x0000,0x0000,0x0000,0x0803,0x1004,0x0001,0x0001,0x0802,0x0802,
  0x0803,0x0803,0x1004,0x1004,0x1005,0x1805,0x1806,0x1806,0x2006,0x2007,0x2007,0x3008,
  0x3809,0x3009,0x3809,0x400A,0x400A,0x480A,0x580B,0x600B,0x680B,0x680B,0x680B,0x800C,
  0x880C,0x800B,0x800B,0x880B,0x900B,0x980B,0x900A,0x980A,0xA00A,0xA80B,0xA00A,0xA00A,
  0xA80A,0xA00A,0x9809,0x9808,0xA809,0xC809,0xC809,0xD009,0xD809,0xE029,0xF0EC,0xF98E,
  0xF869,0xF828,0xF98E,0xF98E,0xF96D,0xF96E,0xF9AE,0xF96E,0xF90D,0xF849,0xF8EB,0xF827,
  0xF8AA,0xF88A,0xF849,0xF90C,0xF98E,0xF90C,0xF869,0xF88A,0xF8AA,0xF88A,0xF8CB,0xF8CB,
  0xF92C,0xE8EC,0xE009,0xC809,0xD809,0xA809,0x9809,0xB00A,0xB809,0xA80A,0xA009,0xA009,
  0xA009,0x9809,0xA00A,0x9809,0x980A,0x900A,0x8809,0x8009,0x8009,0x900B,0x800A,0x780A,
  0x780A,0x780A,0x700A,0x5809,0x5809,0x5009,0x4809,0x4809,0x4809,0x4009,0x3808,0x3008,
  0x3008,0x2807,0x2007,0x2006,0x1806,0x1805,0x1805,0x1805,0x1804,0x1004,0x1003,0x0802,
  0x0802,0x0801,0x0001,0x0001,0x1003,0x0802,0x0000,0x0000,0x0000,0x0000,0x0000,0x0000,
  0x0000,0x0000,0x0000,0x0000,0x0000,0x0000,0x0000,0x0000,0x0000,0x0000,0x0000,0x0000,
  0x0000,0x0000,0x0000,0x0000,0x0000,0x0000,0x0000,0x0000,0x0000,0x0000,0x0000,0x0000,
  0x0000,0x0000,0x0000,0x0000,0x0000,0x0000,0x0000,0x1004,0x0803,0x0001,0x0001,0x0802,
  0x0802,0x0803,0x0803,0x1004,0x1004,0x1005,0x1005,0x1805,0x1806,0x1806,0x2807,0x3008,
  0x2808,0x2808,0x3809,0x3809,0x400A,0x500A,0x500B,0x580B,0x580B,0x580B,0x680B,0x700B,
  0x680A,0x680A,0x780B,0x800B,0x900B,0x800A,0x800A,0x900B,0xA00B,0xA00B,0x980A,0xA80B,
  0xA00A,0x980A,0x9009,0x9009,0x9809,0xB009,0xA008,0xB809,0xC809,0xD809,0xE809,0xF10D,
  0xF92C,0xF849,0xF92D,0xF98E,0xF94D,0xF94E,0xFA70,0xF9EF,0xF8ED,0xF8CC,0xF849,0xF808,
  0xF829,0xF86A,0xF828,0xF8AB,0xF84A,0xF88B,0xF8CB,0xF849,0xF88A,0xF86A,0xF86A,0xF90C,
  0xF0AC,0xE009,0xD809,0xC009,0xB809,0xA809,0x9809,0xA009,0xA009,0xA00A,0xA00A,0x9809,
  0xA00A,0x9009,0x980A,0x980A,0x900A,0x900A,0x8809,0x7809,0x7009,0x7809,0x780A,0x700A,
  0x700A,0x680A,0x6009,0x5809,0x5809,0x4809,0x4008,0x4008,0x3808,0x3808,0x3808,0x2807,
  0x2807,0x2807,0x2006,0x2006,0x1805,0x1004,0x1004,0x1804,0x1004,0x1003,0x1003,0x0802,
  0x0802,0x0001,0x0001,0x0803,0x0803,0x0000,0x0000,0x0000,0x0000,0x0000,0x0000,0x0000,
  0x0000,0x0000,0x0000,0x0000,0x0000,0x0000,0x0000,0x0000,0x0000,0x0000,0x0000,0x0000,
  0x0000,0x0000,0x0000,0x0000,0x0000,0x0000,0x0000,0x0000,0x0000,0x0000,0x0000,0x0000,
  0x0000,0x0000,0x0000,0x0000,0x0000,0x0000,0x0000,0x0000,0x1005,0x0802,0x0001,0x0001,
  0x0802,0x0802,0x0803,0x0803,0x1004,0x1004,0x1005,0x1005,0x1806,0x2006,0x2807,0x2007,
  0x2007,0x2808,0x3008,0x3809,0x400A,0x480A,0x500B,0x500B,0x500A,0x580B,0x600B,0x580A,
  0x580A,0x600A,0x680A,0x700A,0x780B,0x700A,0x7809,0x880A,0x980B,0x900A,0x980B,0xA00B,
  0x900A,0x8809,0x8809,0x9009,0xA00A,0x9009,0x9008,0xA009,0xB809,0xD009,0xD809,0xE029,
  0xE90C,0xF98E,0xF96E,0xF94D,0xF98E,0xF96E,0xF9CF,0xF98E,0xF92D,0xF8CB,0xF8AB,0xF849,
  0xF849,0xF828,0xF828,0xF808,0xF828,0xF828,0xF828,0xF829,0xF828,0xF8EC,0xF90D,0xF0AC,
  0xE029,0xD809,0xD809,0xB80A,0x9809,0xA00A,0x9809,0x9009,0x9809,0x9809,0xA00A,0x9809,
  0x8809,0x8809,0x900A,0x980A,0x900A,0x880A,0x880A,0x7809,0x7009,0x700A,0x700A,0x700A,
  0x600A,0x5809,0x5009,0x5009,0x4809,0x3808,0x3008,0x3808,0x3007,0x2807,0x3007,0x2807,
  0x2006,0x2006,0x2006,0x1805,0x1005,0x1004,0x1004,0x1003,0x1003,0x1003,0x0802,0x0802,
  0x0801,0x0001,0x0802,0x0804,0x0000,0x0000,0x0000,0x0000,0x0000,0x0000,0x0000,0x0000,
  0x0000,0x0000,0x0000,0x0000,0x0000,0x0000,0x0000,0x0000,0x0000,0x0000,0x0000,0x0000,
  0x0000,0x0000,0x0000,0x0000,0x0000,0x0000,0x0000,0x0000,0x0000,0x0000,0x0000,0x0000,
  0x0000,0x0000,0x0000,0x0000,0x0000,0x0000,0x0000,0x0000,0x0001,0x1005,0x0802,0x0001,
  0x0801,0x0802,0x0802,0x0803,0x0803,0x1004,0x1004,0x1005,0x1805,0x2006,0x1806,0x1806,
  0x2007,0x2007,0x3008,0x3809,0x4009,0x480A,0x480A,0x480A,0x480A,0x500B,0x480A,0x4809,
  0x500A,0x600A,0x600A,0x680A,0x700A,0x680A,0x700A,0x800A,0x800A,0x800A,0x880A,0x900A,
  0x8809,0x8809,0x8809,0x900A,0x980A,0x9009,0x9009,0x9009,0xB009,0xC809,0xD009,0xC809,
  0xD829,0xE90C,0xF98E,0xF90C,0xF92C,0xF90C,0xF94D,0xF94D,0xF90C,0xF8AB,0xF8AB,0xF86A,
  0xF828,0xF849,0xF8AB,0xF86A,0xF86A,0xF86A,0xF828,0xF807,0xF8CB,0xF90C,0xE8CC,0xE029,
  0xD809,0xD809,0xB809,0xA80A,0xA009,0xA009,0x9809,0x9008,0x8808,0x8809,0x9009,0x8809,
  0x8008,0x8809,0x8809,0x900A,0x880A,0x800A,0x800A,0x7009,0x6809,0x6009,0x5809,0x680A,
  0x600A,0x5009,0x4008,0x4008,0x4008,0x3808,0x3007,0x2807,0x2807,0x2807,0x2807,0x2807,
  0x2006,0x1805,0x1805,0x1005,0x1004,0x1004,0x1003,0x0803,0x0803,0x0802,0x0802,0x0001,
  0x0001,0x0802,0x1004,0x0001,0x0000,0x0000,0x0000,0x0000,0x0000,0x0000,0x0000,0x0000,
  0x0000,0x0000,0x0000,0x0000,0x0000,0x0000,0x0000,0x0000,0x0000,0x0000,0x0000,0x0000,
  0x0000,0x0000,0x0000,0x0000,0x0000,0x0000,0x0000,0x0000,0x0000,0x0000,0x0000,0x0000,
  0x0000,0x0000,0x0000,0x0000,0x0000,0x0000,0x0000,0x0000,0x0000,0x0801,0x1005,0x0001,
  0x0001,0x0001,0x0802,0x0802,0x0803,0x0803,0x1004,0x1004,0x1805,0x1805,0x1806,0x1806,
  0x1806,0x2007,0x2808,0x3009,0x3809,0x400A,0x400A,0x400A,0x480A,0x400A,0x4009,0x4009,
  0x500A,0x500A,0x580A,0x600A,0x600A,0x600A,0x700A,0x780A,0x700A,0x780A,0x800A,0x800A,
  0x800A,0x8009,0x880A,0x980B,0x900A,0x8809,0x9009,0x8809,0xA009,0x9809,0xC009,0xC808,
  0xC809,0xE029,0xE8CC,0xF96D,0xF90C,0xF90C,0xF90C,0xF8EB,0xF8CB,0xF88A,0xF86A,0xF86A,
  0xF90C,0xF90D,0xF92D,0xF8CB,0xF8AB,0xF8CB,0xF8CB,0xF869,0xF92C,0xF0EC,0xE029,0xD009,
  0xC809,0xB809,0xA809,0xB00A,0x980A,0x9809,0x9809,0x9009,0x8809,0x8809,0x8009,0x8809,
  0x7809,0x7809,0x8009,0x800A,0x880A,0x780A,0x780A,0x6809,0x6809,0x5809,0x5008,0x5009,
  0x580A,0x5009,0x4809,0x4008,0x3808,0x3008,0x3008,0x2807,0x2007,0x2807,0x2006,0x1806,
  0x2006,0x1805,0x1005,0x1004,0x1004,0x0803,0x0803,0x0802,0x0802,0x0002,0x0001,0x0001,
  0x0001,0x1004,0x0801,0x0000,0x0000,0x0000,0x0000,0x0000,0x0000,0x0000,0x0000,0x0000,
  0x0000,0x0000,0x0000,0x0000,0x0000,0x0000,0x0000,0x0000,0x0000,0x0000,0x0000,0x0000,
  0x0000,0x0000,0x0000,0x0000,0x0000,0x0000,0x0000,0x0000,0x0000,0x0000,0x0000,0x0000,
  0x0000,0x0000,0x0000,0x0000,0x0000,0x0000,0x0000,0x0000,0x0000,0x0000,0x0802,0x1004,
  0x0001,0x0001,0x0001,0x0802,0x0802,0x0803,0x0803,0x1004,0x1004,0x1005,0x1005,0x1806,
  0x1806,0x2007,0x2807,0x3008,0x3809,0x3809,0x3809,0x4009,0x4009,0x3809,0x3809,0x4009,
  0x500A,0x580A,0x600B,0x580A,0x580A,0x580A,0x680B,0x680A,0x680A,0x780A,0x780A,0x780A,
  0x780A,0x7809,0x800A,0x900A,0x880A,0x8009,0x8809,0x8809,0xA009,0xA009,0xA009,0xA009,
  0xB808,0xD009,0xE029,0xE8CC,0xF94D,0xF94D,0xF98E,0xF8AB,0xF849,0xF8AB,0xF849,0xF849,
  0xF8AA,0xF8CB,0xF8CB,0xF8CB,0xF8CB,0xF88A,0xF94D,0xF96D,0xE8EC,0xD829,0xD008,0xD009,
  0xB009,0xB809,0x9809,0x980A,0xA00A,0x9009,0x9009,0x8809,0x8008,0x8009,0x8009,0x880A,
  0x7809,0x7008,0x7009,0x7009,0x780A,0x780A,0x680A,0x6009,0x6009,0x600A,0x5009,0x4008,
  0x4809,0x4809,0x4009,0x3808,0x3808,0x3008,0x2807,0x2007,0x1806,0x1806,0x1806,0x1805,
  0x1805,0x1805,0x1004,0x1004,0x0803,0x0803,0x0802,0x0802,0x0002,0x0001,0x0001,0x0001,
  0x0804,0x0802,0x0000,0x0000,0x0000,0x0000,0x0000,0x0000,0x0000,0x0000,0x0000,0x0000,
  0x0000,0x0000,0x0000,0x0000,0x0000,0x0000,0x0000,0x0000,0x0000,0x0000,0x0000,0x0000,
  0x0000,0x0000,0x0000,0x0000,0x0000,0x0000,0x0000,0x0000,0x0000,0x0000,0x0000,0x0000,
  0x0000,0x0000,0x0000,0x0000,0x0000,0x0000,0x0000,0x0000,0x0000,0x0000,0x0000,0x0803,
  0x1004,0x0001,0x0001,0x0802,0x0802,0x0802,0x0803,0x1003,0x1004,0x1004,0x1004,0x1005,
  0x1806,0x2007,0x2807,0x2807,0x2808,0x3008,0x3009,0x3009,0x2808,0x3008,0x3809,0x480A,
  0x480A,0x500A,0x480A,0x4809,0x4809,0x580A,0x600A,0x580A,0x680A,0x680A,0x700A,0x700A,
  0x7009,0x700A,0x800A,0x800A,0x7809,0x8009,0x880A,0x880A,0x8009,0xA009,0x880A,0xB009,
  0xD008,0xC809,0xC809,0xD809,0xE86B,0xF94D,0xF98E,0xF849,0xF828,0xF849,0xF849,0xF849,
  0xF849,0xF88A,0xF88A,0xF90C,0xF88A,0xF88A,0xF90C,0xE0CB,0xE009,0xD008,0xB008,0xA009,
  0xA009,0xA80A,0x980A,0x900A,0x980A,0x8809,0x8809,0x8809,0x7809,0x8009,0x800A,0x8009,
  0x7809,0x6808,0x6809,0x6809,0x6809,0x680A,0x6009,0x5009,0x5008,0x5009,0x4008,0x3808,
  0x3808,0x4009,0x3808,0x3007,0x2807,0x2807,0x2007,0x2006,0x2006,0x1805,0x1805,0x1005,
  0x1004,0x1004,0x1004,0x0803,0x0803,0x0802,0x0802,0x0002,0x0001,0x0001,0x0001,0x0803,
  0x0802,0x0000,0x0000,0x0000,0x0000,0x0000,0x0000,0x0000,0x0000,0x0000,0x0000,0x0000,
  0x0000,0x0000,0x0000,0x0000,0x0000,0x0000,0x0000,0x0000,0x0000,0x0000,0x0000,0x0000,
  0x0000,0x0000,0x0000,0x0000,0x0000,0x0000,0x0000,0x0000,0x0000,0x0000,0x0000,0x0000,
  0x0000,0x0000,0x0000,0x0000,0x0000,0x0000,0x0000,0x0000,0x0000,0x0000,0x0000,0x0000,
  0x0803,0x1004,0x0001,0x0001,0x0802,0x0802,0x0802,0x0803,0x0803,0x1004,0x1004,0x1004,
  0x1805,0x2006,0x2007,0x2807,0x2807,0x2808,0x2808,0x2807,0x2808,0x3009,0x3809,0x4009,
  0x400A,0x4009,0x4009,0x4009,0x480A,0x500A,0x500A,0x600A,0x600A,0x600A,0x680A,0x600A,
  0x6809,0x700A,0x780A,0x780A,0x7009,0x780A,0x880A,0x7809,0x880A,0x880A,0x9809,0xA009,
  0x9809,0xC809,0xC809,0xB009,0xC809,0xE84A,0xF10D,0xF94D,0xF849,0xF807,0xF86A,0xF828,
  0xF827,0xF88A,0xF8CB,0xF8EC,0xF92C,0xF0AB,0xE06A,0xD809,0xD009,0xB809,0xA808,0x9809,
  0x900A,0x900A,0x900A,0x8809,0x900A,0x8009,0x7809,0x880A,0x8009,0x7809,0x7809,0x6809,
  0x6809,0x6009,0x5808,0x6009,0x6009,0x600A,0x5809,0x5009,0x4808,0x4808,0x3808,0x3008,
  0x3007,0x3808,0x3808,0x3007,0x2807,0x2807,0x2006,0x1806,0x1805,0x1805,0x1005,0x1004,
  0x1004,0x1003,0x1003,0x1003,0x0802,0x0802,0x0002,0x0001,0x0001,0x0001,0x0803,0x0802,
  0x0000,0x0000,0x0000,0x0000,0x0000,0x0000,0x0000,0x0000,0x0000,0x0000,0x0000,0x0000,
  0x0000,0x0000,0x0000,0x0000,0x0000,0x0000,0x0000,0x0000,0x0000,0x0000,0x0000,0x0000,
  0x0000,0x0000,0x0000,0x0000,0x0000,0x0000,0x0000,0x0000,0x0000,0x0000,0x0000,0x0000,
  0x0000,0x0000,0x0000,0x0000,0x0000,0x0000,0x0000,0x0000,0x0000,0x0000,0x0000,0x0000,
  0x0000,0x1003,0x1004,0x0001,0x0001,0x0801,0x0802,0x0802,0x0803,0x0803,0x1004,0x1004,
  0x1805,0x2006,0x2006,0x2006,0x2007,0x2007,0x2007,0x2007,0x2808,0x3008,0x3809,0x3009,
  0x3809,0x3009,0x3809,0x4009,0x480A,0x480A,0x4809,0x580A,0x580A,0x580A,0x680B,0x600A,
  0x5809,0x680A,0x700A,0x680A,0x6809,0x780A,0x780A,0x7009,0x800A,0x800A,0x9809,0x9009,
  0x8009,0xC009,0xA809,0xA809,0xD009,0xD009,0xE009,0xF0CC,0xF88B,0xF807,0xF828,0xF828,
  0xF849,0xF86A,0xF8CC,0xF88B,0xE88B,0xE02A,0xD009,0xD009,0xB809,0x8009,0x9008,0x9809,
  0x880A,0x880A,0x880A,0x8009,0x880A,0x800A,0x7809,0x800A,0x780A,0x6809,0x6009,0x6009,
  0x6009,0x5809,0x5008,0x5008,0x5809,0x5009,0x5009,0x4809,0x4008,0x4008,0x3808,0x3007,
  0x2807,0x2807,0x2807,0x2807,0x2006,0x2006,0x1805,0x1805,0x1805,0x1004,0x1004,0x1004,
  0x1004,0x0803,0x0803,0x0802,0x0802,0x0002,0x0001,0x0001,0x0001,0x0803,0x0802,0x0000,
  0x0000,0x0000,0x0000,0x0000,0x0000,0x0000,0x0000,0x0000,0x0000,0x0000,0x0000,0x0000,
  0x0000,0x0000,0x0000,0x0000,0x0000,0x0000,0x0000,0x0000,0x0000,0x0000,0x0000,0x0000,
  0x0000,0x0000,0x0000,0x0000,0x0000,0x0000,0x0000,0x0000,0x0000,0x0000,0x0000,0x0000,
  0x0000,0x0000,0x0000,0x0000,0x0000,0x0000,0x0000,0x0000,0x0000,0x0000,0x0000,0x0000,
  0x0000,0x0000,0x0803,0x1004,0x0001,0x0001,0x0801,0x0802,0x0802,0x0803,0x0803,0x1004,
  0x1804,0x1805,0x1805,0x1806,0x2006,0x1806,0x1806,0x2007,0x2807,0x2808,0x3008,0x3008,
  0x3008,0x3009,0x3809,0x3809,0x4009,0x4009,0x4009,0x480A,0x4809,0x580A,0x580A,0x500A,
  0x5009,0x600A,0x600A,0x6009,0x6009,0x700A,0x700A,0x6809,0x700A,0x780A,0x7009,0x6809,
  0x8009,0x9009,0x9809,0xB009,0xC009,0xB009,0xC809,0xE009,0xE809,0xF00A,0xF809,0xF809,
  0xF80A,0xF809,0xF009,0xE009,0xD809,0xC009,0xB008,0xA808,0x9809,0x7809,0x7009,0x8009,
  0x880A,0x800A,0x800A,0x7809,0x780A,0x780A,0x7009,0x700A,0x7009,0x6009,0x6009,0x5809,
  0x5008,0x5009,0x4808,0x4808,0x4808,0x4809,0x4809,0x4809,0x3808,0x3007,0x3007,0x2807,
  0x2007,0x2006,0x2006,0x2807,0x2006,0x1805,0x1005,0x1005,0x1004,0x1004,0x1004,0x0803,
  0x0803,0x0803,0x0802,0x0802,0x0802,0x0001,0x0001,0x0001,0x0803,0x0803,0x0000,0x0000,
  0x0000,0x0000,0x0000,0x0000,0x0000,0x0000,0x0000,0x0000,0x0000,0x0000,0x0000,0x0000,
  0x0000,0x0000,0x0000,0x0000,0x0000,0x0000,0x0000,0x0000,0x0000,0x0000,0x0000,0x0000,
  0x0000,0x0000,0x0000,0x0000,0x0000,0x0000,0x0000,0x0000,0x0000,0x0000,0x0000,0x0000,
  0x0000,0x0000,0x0000,0x0000,0x0000,0x0000,0x0000,0x0000,0x0000,0x0000,0x0000,0x0000,
  0x0000,0x0000,0x0000,0x0803,0x1004,0x0001,0x0001,0x0001,0x0802,0x0802,0x0803,0x1003,
  0x1004,0x1004,0x1805,0x1805,0x1805,0x1805,0x1806,0x2006,0x2007,0x2007,0x2808,0x3008,
  0x3008,0x3008,0x3008,0x3008,0x4009,0x3809,0x4009,0x4009,0x4009,0x4809,0x4009,0x4809,
  0x5009,0x580A,0x5809,0x5009,0x5809,0x600A,0x680A,0x6009,0x680A,0x680A,0x6809,0x6809,
  0x6809,0x700A,0x7009,0x9809,0x8009,0x8809,0xA809,0xC809,0xD009,0xE009,0xE80A,0xF00A,
  0xF00A,0xE80A,0xE009,0xD809,0xC809,0xC009,0xA008,0x9008,0xA009,0x7009,0x7009,0x7809,
  0x800A,0x780A,0x780A,0x7009,0x6809,0x700A,0x6809,0x6009,0x680A,0x6009,0x5809,0x5008,
  0x4808,0x4808,0x4809,0x4808,0x4008,0x4008,0x3808,0x4008,0x3008,0x2807,0x2807,0x2807,
  0x2006,0x1806,0x2006,0x2006,0x2006,0x1805,0x1004,0x1004,0x1004,0x1004,0x0803,0x0803,
  0x0802,0x0802,0x0802,0x0001,0x0001,0x0001,0x0001,0x0803,0x0802,0x0000,0x0000,0x0000,
  0x0000,0x0000,0x0000,0x0000,0x0000,0x0000,0x0000,0x0000,0x0000,0x0000,0x0000,0x0000,
  0x0000,0x0000,0x0000,0x0000,0x0000,0x0000,0x0000,0x0000,0x0000,0x0000,0x0000,0x0000,
  0x0000,0x0000,0x0000,0x0000,0x0000,0x0000,0x0000,0x0000,0x0000,0x0000,0x0000,0x0000,
  0x0000,0x0000,0x0000,0x0000,0x0000,0x0000,0x0000,0x0000,0x0000,0x0000,0x0000,0x0000,
  0x0000,0x0000,0x0000,0x0000,0x0803,0x1004,0x0001,0x0001,0x0001,0x0802,0x0802,0x1003,
  0x1003,0x1004,0x1004,0x1804,0x1005,0x1005,0x1805,0x2006,0x2006,0x2006,0x2807,0x2807,
  0x2808,0x2808,0x3008,0x3008,0x2808,0x3008,0x3809,0x3008,0x4009,0x4009,0x3809,0x4009,
  0x4809,0x5009,0x4809,0x4809,0x5009,0x600A,0x600A,0x5809,0x6009,0x6009,0x6809,0x680A,
  0x6009,0x7009,0x6809,0x8009,0x9009,0xA008,0x9009,0xB809,0xC809,0xD009,0xD809,0xE00A,
  0xD809,0xD809,0xC009,0xC809,0xB009,0x900A,0x7009,0x7008,0x7809,0x6809,0x6809,0x7009,
  0x700A,0x700A,0x6809,0x6809,0x6009,0x6009,0x5809,0x5008,0x6009,0x5809,0x4808,0x4008,
  0x4008,0x3808,0x4008,0x4008,0x3808,0x3808,0x3808,0x3008,0x3008,0x2006,0x2006,0x2006,
  0x2006,0x1805,0x1805,0x1005,0x1005,0x1805,0x1004,0x1004,0x1003,0x0803,0x0803,0x0802,
  0x0802,0x0802,0x0001,0x0001,0x0001,0x0001,0x1004,0x0802,0x0000,0x0000,0x0000,0x0000,
  0x0000,0x0000,0x0000,0x0000,0x0000,0x0000,0x0000,0x0000,0x0000,0x0000,0x0000,0x0000,
  0x0000,0x0000,0x0000,0x0000,0x0000,0x0000,0x0000,0x0000,0x0000,0x0000,0x0000,0x0000,
  0x0000,0x0000,0x0000,0x0000,0x0000,0x0000,0x0000,0x0000,0x0000,0x0000,0x0000,0x0000,
  0x0000,0x0000,0x0000,0x0000,0x0000,0x0000,0x0000,0x0000,0x0000,0x0000,0x0000,0x0000,
  0x0000,0x0000,0x0000,0x0000,0x0000,0x0802,0x1005,0x0802,0x0001,0x0001,0x0802,0x0802,
  0x1003,0x1003,0x1003,0x1004,0x1004,0x1004,0x1805,0x1805,0x1805,0x2006,0x2006,0x2807,
  0x2007,0x2007,0x2808,0x3008,0x2807,0x2808,0x3008,0x2808,0x3809,0x3008,0x3008,0x3809,
  0x4009,0x4009,0x4009,0x4009,0x4809,0x580A,0x580A,0x5009,0x5809,0x5809,0x600A,0x600A,
  0x6009,0x6009,0x680A,0x680A,0x6809,0x8009,0x7009,0x8009,0xA009,0xB809,0xB809,0xC809,
  0xC809,0xA809,0xB008,0xA809,0x980A,0x8809,0x5809,0x5808,0x6009,0x6009,0x5808,0x6009,
  0x6809,0x6009,0x5809,0x5809,0x5009,0x5009,0x4808,0x4008,0x4808,0x4809,0x4008,0x4008,
  0x4008,0x3007,0x3808,0x3808,0x3007,0x3007,0x3007,0x2807,0x2807,0x2006,0x1806,0x1805,
  0x1805,0x1805,0x1005,0x1004,0x1004,0x1004,0x1004,0x1003,0x0803,0x0803,0x0802,0x0802,
  0x0002,0x0001,0x0001,0x0001,0x0001,0x0804,0x0802,0x0000,0x0000,0x0000,0x0000,0x0000,
  0x0000,0x0000,0x0000,0x0000,0x0000,0x0000,0x0000,0x0000,0x0000,0x0000,0x0000,0x0000,
  0x0000,0x0000,0x0000,0x0000,0x0000,0x0000,0x0000,0x0000,0x0000,0x0000,0x0000,0x0000,
  0x0000,0x0000,0x0000,0x0000,0x0000,0x0000,0x0000,0x0000,0x0000,0x0000,0x0000,0x0000,
  0x0000,0x0000,0x0000,0x0000,0x0000,0x0000,0x0000,0x0000,0x0000,0x0000,0x0000,0x0000,
  0x0000,0x0000,0x0000,0x0000,0x0000,0x0000,0x0801,0x1005,0x0802,0x0001,0x0801,0x0802,
  0x0802,0x0802,0x0803,0x0803,0x1003,0x1004,0x1004,0x1004,0x1805,0x1805,0x2006,0x2006,
  0x1806,0x2006,0x2007,0x2007,0x2007,0x2807,0x2007,0x2808,0x3808,0x2808,0x2808,0x3008,
  0x3809,0x3808,0x3808,0x4009,0x3808,0x4809,0x500A,0x5009,0x4809,0x4809,0x5009,0x5009,
  0x5009,0x5009,0x5809,0x6009,0x5809,0x5008,0x5809,0x5809,0x6009,0x800A,0x8809,0xB009,
  0xA009,0x9809,0x9008,0x6809,0x680A,0x700A,0x5809,0x5809,0x5809,0x5809,0x5008,0x5008,
  0x5009,0x5809,0x5009,0x5009,0x4008,0x4008,0x4808,0x3808,0x3808,0x4008,0x4008,0x3808,
  0x3808,0x3007,0x2807,0x3007,0x2807,0x2807,0x2006,0x2807,0x2006,0x2006,0x1805,0x1005,
  0x1005,0x1005,0x1004,0x1004,0x1004,0x1003,0x1003,0x0803,0x0802,0x0802,0x0802,0x0001,
  0x0001,0x0001,0x0001,0x0802,0x0804,0x0001,0x0000,0x0000,0x0000,0x0000,0x0000,0x0000,
  0x0000,0x0000,0x0000,0x0000,0x0000,0x0000,0x0000,0x0000,0x0000,0x0000,0x0000,0x0000,
  0x0000,0x0000,0x0000,0x0000,0x0000,0x0000,0x0000,0x0000,0x0000,0x0000,0x0000,0x0000,
  0x0000,0x0000,0x0000,0x0000,0x0000,0x0000,0x0000,0x0000,0x0000,0x0000,0x0000,0x0000,
  0x0000,0x0000,0x0000,0x0000,0x0000,0x0000,0x0000,0x0000,0x0000,0x0000,0x0000,0x0000,
  0x0000,0x0000,0x0000,0x0000,0x0000,0x0000,0x0000,0x0001,0x1004,0x0803,0x0801,0x0001,
  0x0001,0x0802,0x0802,0x0802,0x0803,0x0803,0x1004,0x1004,0x1004,0x1805,0x1805,0x1805,
  0x1805,0x1806,0x1806,0x1806,0x2007,0x2007,0x2007,0x2807,0x3008,0x2807,0x2807,0x3008,
  0x3008,0x3008,0x3008,0x3808,0x3808,0x4809,0x4009,0x4009,0x4009,0x4009,0x4008,0x4008,
  0x4809,0x5009,0x5009,0x5009,0x4808,0x4808,0x4808,0x5009,0x6809,0x8809,0x7009,0x9009,
  0x7809,0x6809,0x6008,0x5809,0x600A,0x5809,0x5009,0x5009,0x4808,0x4808,0x4808,0x5009,
  0x5009,0x5009,0x4809,0x4809,0x4008,0x3808,0x3808,0x3808,0x3007,0x3808,0x3808,0x3007,
  0x3007,0x2807,0x2807,0x2807,0x2006,0x1806,0x1806,0x1806,0x2006,0x2006,0x2005,0x1005,
  0x1004,0x1004,0x1004,0x0803,0x1003,0x0803,0x0803,0x0802,0x0802,0x0802,0x0001,0x0001,
  0x0001,0x0001,0x0802,0x0803,0x0001,0x0000,0x0000,0x0000,0x0000,0x0000,0x0000,0x0000,
  0x0000,0x0000,0x0000,0x0000,0x0000,0x0000,0x0000,0x0000,0x0000,0x0000,0x0000,0x0000,
  0x0000,0x0000,0x0000,0x0000,0x0000,0x0000,0x0000,0x0000,0x0000,0x0000,0x0000,0x0000,
  0x0000,0x0000,0x0000,0x0000,0x0000,0x0000,0x0000,0x0000,0x0000,0x0000,0x0000,0x0000,
  0x0000,0x0000,0x0000,0x0000,0x0000,0x0000,0x0000,0x0000,0x0000,0x0000,0x0000,0x0000,
  0x0000,0x0000,0x0000,0x0000,0x0000,0x0000,0x0000,0x0000,0x0000,0x1805,0x1004,0x0001,
  0x0001,0x0001,0x0802,0x0802,0x0802,0x0803,0x0803,0x0803,0x1004,0x1004,0x1004,0x1004,
  0x1005,0x1805,0x1805,0x1806,0x2006,0x1806,0x1806,0x2007,0x2007,0x2007,0x2007,0x2807,
  0x2807,0x2807,0x3008,0x3808,0x3008,0x3809,0x3808,0x3808,0x3808,0x3808,0x3808,0x4008,
  0x4809,0x4809,0x4809,0x4008,0x4008,0x4008,0x4008,0x5009,0x5009,0x7009,0x7809,0x6009,
  0x7009,0x5009,0x4008,0x4808,0x5809,0x5009,0x4809,0x4008,0x4008,0x4808,0x4808,0x4008,
  0x4808,0x4809,0x4008,0x4008,0x4008,0x3808,0x3007,0x3007,0x2807,0x3007,0x3008,0x2807,
  0x2807,0x2806,0x2806,0x2006,0x2006,0x1805,0x1805,0x1805,0x1805,0x1805,0x1805,0x1004,
  0x1004,0x1003,0x0803,0x0803,0x0803,0x0802,0x0802,0x0802,0x0802,0x0001,0x0001,0x0001,
  0x0001,0x0803,0x0803,0x0000,0x0000,0x0000,0x0000,0x0000,0x0000,0x0000,0x0000,0x0000,
  0x0000,0x0000,0x0000,0x0000,0x0000,0x0000,0x0000,0x0000,0x0000,0x0000,0x0000,0x0000,
  0x0000,0x0000,0x0000,0x0000,0x0000,0x0000,0x0000,0x0000,0x0000,0x0000,0x0000,0x0000,
  0x0000,0x0000,0x0000,0x0000,0x0000,0x0000,0x0000,0x0000,0x0000,0x0000,0x0000,0x0000,
  0x0000,0x0000,0x0000,0x0000,0x0000,0x0000,0x0000,0x0000,0x0000,0x0000,0x0000,0x0000,
  0x0000,0x0000,0x0000,0x0000,0x0000,0x0000,0x0000,0x0000,0x0000,0x0000,0x0803,0x1004,
  0x0802,0x0001,0x0001,0x0001,0x0802,0x0802,0x0802,0x0803,0x1003,0x1003,0x1004,0x1004,
  0x1004,0x1004,0x1005,0x1805,0x1805,0x1805,0x1806,0x2006,0x1806,0x1806,0x2007,0x2007,
  0x2007,0x2807,0x3008,0x3008,0x3008,0x3008,0x3008,0x3008,0x3008,0x3008,0x3008,0x3808,
  0x4009,0x4009,0x4009,0x4008,0x3808,0x3808,0x3808,0x4008,0x4809,0x4009,0x4809,0x4008,
  0x4809,0x4808,0x4008,0x4008,0x4809,0x4809,0x4008,0x3808,0x3807,0x3808,0x4008,0x3808,
  0x3808,0x3808,0x3808,0x3808,0x3808,0x2807,0x2807,0x2807,0x2807,0x2807,0x2807,0x2806,
  0x2006,0x2006,0x2006,0x1806,0x1805,0x1805,0x1005,0x1005,0x1004,0x1804,0x1804,0x1004,
  0x0803,0x0803,0x0803,0x0802,0x0802,0x0802,0x0802,0x0001,0x0001,0x0001,0x0000,0x0001,
  0x0803,0x0802,0x0000,0x0000,0x0000,0x0000,0x0000,0x0000,0x0000,0x0000,0x0000,0x0000,
  0x0000,0x0000,0x0000,0x0000,0x0000,0x0000,0x0000,0x0000,0x0000,0x0000,0x0000,0x0000,
  0x0000,0x0000,0x0000,0x0000,0x0000,0x0000,0x0000,0x0000,0x0000,0x0000,0x0000,0x0000,
  0x0000,0x0000,0x0000,0x0000,0x0000,0x0000,0x0000,0x0000,0x0000,0x0000,0x0000,0x0000,
  0x0000,0x0000,0x0000,0x0000,0x0000,0x0000,0x0000,0x0000,0x0000,0x0000,0x0000,0x0000,
  0x0000,0x0000,0x0000,0x0000,0x0000,0x0000,0x0000,0x0000,0x0000,0x0000,0x0000,0x0001,
  0x1004,0x0803,0x0001,0x0001,0x0001,0x0001,0x0802,0x0802,0x0803,0x0803,0x0803,0x0803,
  0x1004,0x1004,0x1004,0x1004,0x1805,0x1805,0x2006,0x1806,0x1805,0x1806,0x1806,0x1806,
  0x1806,0x2006,0x2007,0x2007,0x2007,0x2807,0x2807,0x3007,0x3008,0x3008,0x3008,0x2807,
  0x3008,0x3808,0x3808,0x3008,0x3007,0x3008,0x3008,0x3808,0x3808,0x4008,0x4008,0x3808,
  0x3808,0x3808,0x3808,0x3808,0x4008,0x4008,0x3808,0x3007,0x3007,0x3007,0x3007,0x2807,
  0x2807,0x3007,0x3008,0x2807,0x2807,0x2006,0x2006,0x2807,0x2806,0x2006,0x2006,0x2006,
  0x1806,0x1805,0x1805,0x1805,0x1805,0x1005,0x1004,0x1004,0x1004,0x1004,0x1004,0x1003,
  0x0803,0x0802,0x0802,0x0802,0x0802,0x0001,0x0001,0x0001,0x0001,0x0001,0x0802,0x0803,
  0x0001,0x0000,0x0000,0x0000,0x0000,0x0000,0x0000,0x0000,0x0000,0x0000,0x0000,0x0000,
  0x0000,0x0000,0x0000,0x0000,0x0000,0x0000,0x0000,0x0000,0x0000,0x0000,0x0000,0x0000,
  0x0000,0x0000,0x0000,0x0000,0x0000,0x0000,0x0000,0x0000,0x0000,0x0000,0x0000,0x0000,
  0x0000,0x0000,0x0000,0x0000,0x0000,0x0000,0x0000,0x0000,0x0000,0x0000,0x0000,0x0000,
  0x0000,0x0000,0x0000,0x0000,0x0000,0x0000,0x0000,0x0000,0x0000,0x0000,0x0000,0x0000,
  0x0000,0x0000,0x0000,0x0000,0x0000,0x0000,0x0000,0x0000,0x0000,0x0000,0x0000,0x0000,
  0x0000,0x0803,0x1004,0x0802,0x0001,0x0001,0x0001,0x0802,0x0802,0x0802,0x0802,0x0803,
  0x0803,0x0803,0x1004,0x1004,0x1004,0x1005,0x1805,0x1005,0x1005,0x1805,0x1805,0x1805,
  0x1805,0x2006,0x2006,0x1806,0x1806,0x2006,0x2007,0x2007,0x2807,0x2807,0x2807,0x2807,
  0x2807,0x3008,0x3007,0x2807,0x2807,0x3008,0x3007,0x3007,0x3007,0x3808,0x3808,0x3008,
  0x3008,0x3007,0x3008,0x3007,0x3007,0x3008,0x3007,0x2807,0x2807,0x2807,0x2807,0x2006,
  0x2006,0x2807,0x3007,0x2006,0x2006,0x2006,0x1806,0x2006,0x2006,0x1805,0x1805,0x1805,
  0x1805,0x1005,0x1805,0x1004,0x1004,0x1004,0x1004,0x0803,0x0803,0x0803,0x0803,0x0803,
  0x0802,0x0802,0x0802,0x0001,0x0001,0x0001,0x0001,0x0000,0x0001,0x0803,0x0803,0x0000,
  0x0000,0x0000,0x0000,0x0000,0x0000,0x0000,0x0000,0x0000,0x0000,0x0000,0x0000,0x0000,
  0x0000,0x0000,0x0000,0x0000,0x0000,0x0000,0x0000,0x0000,0x0000,0x0000,0x0000,0x0000,
  0x0000,0x0000,0x0000,0x0000,0x0000,0x0000,0x0000,0x0000,0x0000,0x0000,0x0000,0x0000,
  0x0000,0x0000,0x0000,0x0000,0x0000,0x0000,0x0000,0x0000,0x0000,0x0000,0x0000,0x0000,
  0x0000,0x0000,0x0000,0x0000,0x0000,0x0000,0x0000,0x0000,0x0000,0x0000,0x0000,0x0000,
  0x0000,0x0000,0x0000,0x0000,0x0000,0x0000,0x0000,0x0000,0x0000,0x0000,0x0000,0x0000,
  0x0000,0x0000,0x0802,0x1004,0x0803,0x0001,0x0001,0x0801,0x0801,0x0802,0x0802,0x0802,
  0x0802,0x0803,0x0803,0x1003,0x1004,0x1004,0x1004,0x1004,0x1004,0x1005,0x1005,0x1005,
  0x1005,0x1805,0x1805,0x1805,0x1806,0x1806,0x1806,0x2006,0x2006,0x2006,0x2006,0x2807,
  0x2807,0x2807,0x2807,0x2006,0x2007,0x2807,0x2807,0x2807,0x2807,0x2807,0x2807,0x2807,
  0x2807,0x2807,0x2807,0x2807,0x2807,0x2807,0x2807,0x2006,0x2006,0x2006,0x2006,0x2006,
  0x2006,0x2006,0x2806,0x2006,0x1806,0x1805,0x1805,0x1805,0x1805,0x1005,0x1005,0x1805,
  0x1805,0x1004,0x1004,0x1004,0x0804,0x0803,0x0803,0x0803,0x0803,0x0802,0x0802,0x0802,
  0x0802,0x0002,0x0001,0x0001,0x0001,0x0001,0x0001,0x0802,0x0803,0x0001,0x0000,0x0000,
  0x0000,0x0000,0x0000,0x0000,0x0000,0x0000,0x0000,0x0000,0x0000,0x0000,0x0000,0x0000,
  0x0000,0x0000,0x0000,0x0000,0x0000,0x0000,0x0000,0x0000,0x0000,0x0000,0x0000,0x0000,
  0x0000,0x0000,0x0000,0x0000,0x0000,0x0000,0x0000,0x0000,0x0000,0x0000,0x0000,0x0000,
  0x0000,0x0000,0x0000,0x0000,0x0000,0x0000,0x0000,0x0000,0x0000,0x0000,0x0000,0x0000,
  0x0000,0x0000,0x0000,0x0000,0x0000,0x0000,0x0000,0x0000,0x0000,0x0000,0x0000,0x0000,
  0x0000,0x0000,0x0000,0x0000,0x0000,0x0000,0x0000,0x0000,0x0000,0x0000,0x0000,0x0000,
  0x0000,0x0000,0x0000,0x0000,0x0803,0x1004,0x0802,0x0001,0x0001,0x0001,0x0001,0x0802,
  0x0802,0x0802,0x0802,0x0803,0x0803,0x1003,0x1003,0x0803,0x1004,0x1004,0x1004,0x1004,
  0x1005,0x1005,0x1005,0x1805,0x1805,0x1805,0x1806,0x1806,0x1805,0x1805,0x1806,0x1806,
  0x2006,0x2006,0x2006,0x2006,0x1806,0x1806,0x2006,0x2006,0x2006,0x2006,0x2006,0x1806,
  0x2006,0x2006,0x2006,0x1806,0x2006,0x2006,0x2006,0x1806,0x1806,0x1806,0x2006,0x2006,
  0x2006,0x2006,0x2006,0x1805,0x1805,0x1805,0x1005,0x1005,0x1005,0x1004,0x1004,0x1004,
  0x1004,0x0804,0x0803,0x0803,0x0803,0x0803,0x0803,0x0802,0x0802,0x0802,0x0802,0x0802,
  0x0802,0x0001,0x0001,0x0001,0x0000,0x0002,0x0803,0x0802,0x0000,0x0000,0x0000,0x0000,
  0x0000,0x0000,0x0000,0x0000,0x0000,0x0000,0x0000,0x0000,0x0000,0x0000,0x0000,0x0000,
  0x0000,0x0000,0x0000,0x0000,0x0000,0x0000,0x0000,0x0000,0x0000,0x0000,0x0000,0x0000,
  0x0000,0x0000,0x0000,0x0000,0x0000,0x0000,0x0000,0x0000,0x0000,0x0000,0x0000,0x0000,
  0x0000,0x0000,0x0000,0x0000,0x0000,0x0000,0x0000,0x0000,0x0000,0x0000,0x0000,0x0000,
  0x0000,0x0000,0x0000,0x0000,0x0000,0x0000,0x0000,0x0000,0x0000,0x0000,0x0000,0x0000,
  0x0000,0x0000,0x0000,0x0000,0x0000,0x0000,0x0000,0x0000,0x0000,0x0000,0x0000,0x0000,
  0x0000,0x0000,0x0000,0x0000,0x0000,0x0001,0x1004,0x0803,0x0001,0x0001,0x0001,0x0001,
  0x0001,0x0802,0x0802,0x0802,0x0802,0x0803,0x0803,0x0803,0x0803,0x0803,0x0804,0x1004,
  0x1004,0x1004,0x1004,0x1004,0x1004,0x1005,0x1005,0x1805,0x1005,0x1805,0x1805,0x1805,
  0x1806,0x2006,0x2006,0x2006,0x1805,0x1805,0x2006,0x2006,0x2006,0x2006,0x2006,0x1805,
  0x1806,0x1806,0x1806,0x1805,0x1806,0x1806,0x1806,0x1805,0x1805,0x1805,0x1806,0x1805,
  0x1805,0x1805,0x1805,0x1805,0x1004,0x1004,0x1004,0x1004,0x1004,0x1004,0x0804,0x1003,
  0x1003,0x0803,0x0803,0x0803,0x0803,0x0802,0x0802,0x0802,0x0802,0x0002,0x0001,0x0001,
  0x0001,0x0001,0x0000,0x0001,0x0803,0x0803,0x0001,0x0000,0x0000,0x0000,0x0000,0x0000,
  0x0000,0x0000,0x0000,0x0000,0x0000,0x0000,0x0000,0x0000,0x0000,0x0000,0x0000,0x0000,
  0x0000,0x0000,0x0000,0x0000,0x0000,0x0000,0x0000,0x0000,0x0000,0x0000,0x0000,0x0000,
  0x0000,0x0000,0x0000,0x0000,0x0000,0x0000,0x0000,0x0000,0x0000,0x0000,0x0000,0x0000,
  0x0000,0x0000,0x0000,0x0000,0x0000,0x0000,0x0000,0x0000,0x0000,0x0000,0x0000,0x0000,
  0x0000,0x0000,0x0000,0x0000,0x0000,0x0000,0x0000,0x0000,0x0000,0x0000,0x0000,0x0000,
  0x0000,0x0000,0x0000,0x0000,0x0000,0x0000,0x0000,0x0000,0x0000,0x0000,0x0000,0x0000,
  0x0000,0x0000,0x0000,0x0000,0x0000,0x0000,0x0000,0x0802,0x1004,0x0803,0x0001,0x0001,
  0x0001,0x0001,0x0001,0x0802,0x0802,0x0802,0x0802,0x0802,0x0803,0x0803,0x0803,0x0803,
  0x0803,0x0803,0x1004,0x1004,0x1004,0x1004,0x1004,0x1004,0x1004,0x1005,0x1805,0x1805,
  0x1805,0x1805,0x1805,0x1805,0x1805,0x1005,0x1805,0x1805,0x1805,0x1805,0x1805,0x1005,
  0x1805,0x1805,0x1805,0x1805,0x1805,0x1805,0x1805,0x1005,0x1005,0x1805,0x1805,0x1805,
  0x1005,0x1005,0x1805,0x1805,0x1004,0x1004,0x1004,0x0804,0x0803,0x0803,0x0803,0x0803,
  0x0803,0x0803,0x0802,0x0802,0x0802,0x0802,0x0802,0x0001,0x0001,0x0001,0x0001,0x0001,
  0x0000,0x0001,0x0802,0x0803,0x0002,0x0000,0x0000,0x0000,0x0000,0x0000,0x0000,0x0000,
  0x0000,0x0000,0x0000,0x0000,0x0000,0x0000,0x0000,0x0000,0x0000,0x0000,0x0000,0x0000,
  0x0000,0x0000,0x0000,0x0000,0x0000,0x0000,0x0000,0x0000,0x0000,0x0000,0x0000,0x0000,
  0x0000,0x0000,0x0000,0x0000,0x0000,0x0000,0x0000,0x0000,0x0000,0x0000,0x0000,0x0000,
  0x0000,0x0000,0x0000,0x0000,0x0000,0x0000,0x0000,0x0000,0x0000,0x0000,0x0000,0x0000,
  0x0000,0x0000,0x0000,0x0000,0x0000,0x0000,0x0000,0x0000,0x0000,0x0000,0x0000,0x0000,
  0x0000,0x0000,0x0000,0x0000,0x0000,0x0000,0x0000,0x0000,0x0000,0x0000,0x0000,0x0000,
  0x0000,0x0000,0x0000,0x0000,0x0000,0x0000,0x0000,0x0000,0x0000,0x0803,0x0804,0x0803,
  0x0001,0x0001,0x0001,0x0001,0x0001,0x0802,0x0802,0x0802,0x0802,0x0802,0x0802,0x0803,
  0x0803,0x0803,0x1003,0x1003,0x1004,0x1004,0x1004,0x1004,0x1004,0x1004,0x1004,0x1004,
  0x1004,0x1005,0x1805,0x1005,0x1005,0x1004,0x1005,0x1005,0x1005,0x1805,0x1805,0x1004,
  0x1004,0x1005,0x1005,0x1004,0x1004,0x1004,0x1004,0x1004,0x1004,0x1004,0x1004,0x1004,
  0x1004,0x1004,0x1004,0x1004,0x1004,0x1003,0x1003,0x0803,0x0803,0x0803,0x0803,0x0802,
  0x0802,0x0802,0x0802,0x0802,0x0802,0x0001,0x0001,0x0001,0x0001,0x0001,0x0000,0x0001,
  0x0802,0x0803,0x0802,0x0000,0x0000,0x0000,0x0000,0x0000,0x0000,0x0000,0x0000,0x0000,
  0x0000,0x0000,0x0000,0x0000,0x0000,0x0000,0x0000,0x0000,0x0000,0x0000,0x0000,0x0000,
  0x0000,0x0000,0x0000,0x0000,0x0000,0x0000,0x0000,0x0000,0x0000,0x0000,0x0000,0x0000,
  0x0000,0x0000,0x0000,0x0000,0x0000,0x0000,0x0000,0x0000,0x0000,0x0000,0x0000,0x0000,
  0x0000,0x0000,0x0000,0x0000,0x0000,0x0000,0x0000,0x0000,0x0000,0x0000,0x0000,0x0000,
  0x0000,0x0000,0x0000,0x0000,0x0000,0x0000,0x0000,0x0000,0x0000,0x0000,0x0000,0x0000,
  0x0000,0x0000,0x0000,0x0000,0x0000,0x0000,0x0000,0x0000,0x0000,0x0000,0x0000,0x0000,
  0x0000,0x0000,0x0000,0x0000,0x0000,0x0000,0x0000,0x0000,0x0000,0x0000,0x0000,0x0803,
  0x0804,0x0803,0x0001,0x0001,0x0001,0x0001,0x0001,0x0001,0x0002,0x0002,0x0802,0x0802,
  0x0802,0x0802,0x0803,0x0803,0x0803,0x0803,0x0803,0x0803,0x0803,0x0803,0x1003,0x1004,
  0x1004,0x1004,0x1004,0x1004,0x1004,0x1004,0x1004,0x1004,0x1004,0x1805,0x1004,0x1004,
  0x1004,0x1004,0x1004,0x1004,0x1004,0x1004,0x1004,0x1004,0x0804,0x0803,0x1003,0x0803,
  0x0803,0x0803,0x0803,0x1003,0x1003,0x0803,0x0803,0x0803,0x0802,0x0802,0x0802,0x0802,
  0x0802,0x0802,0x0802,0x0001,0x0001,0x0001,0x0001,0x0000,0x0000,0x0001,0x0802,0x0803,
  0x0802,0x0000,0x0000,0x0000,0x0000,0x0000,0x0000,0x0000,0x0000,0x0000,0x0000,0x0000,
  0x0000,0x0000,0x0000,0x0000,0x0000,0x0000,0x0000,0x0000,0x0000,0x0000,0x0000,0x0000,
  0x0000,0x0000,0x0000,0x0000,0x0000,0x0000,0x0000,0x0000,0x0000,0x0000,0x0000,0x0000,
  0x0000,0x0000,0x0000,0x0000,0x0000,0x0000,0x0000,0x0000,0x0000,0x0000,0x0000,0x0000,
  0x0000,0x0000,0x0000,0x0000,0x0000,0x0000,0x0000,0x0000,0x0000,0x0000,0x0000,0x0000,
  0x0000,0x0000,0x0000,0x0000,0x0000,0x0000,0x0000,0x0000,0x0000,0x0000,0x0000,0x0000,
  0x0000,0x0000,0x0000,0x0000,0x0000,0x0000,0x0000,0x0000,0x0000,0x0000,0x0000,0x0000,
  0x0000,0x0000,0x0000,0x0000,0x0000,0x0000,0x0000,0x0000,0x0000,0x0000,0x0000,0x0000,
  0x0000,0x0802,0x0803,0x0803,0x0002,0x0001,0x0001,0x0001,0x0001,0x0001,0x0001,0x0802,
  0x0802,0x0802,0x0802,0x0802,0x0802,0x0802,0x0802,0x0803,0x0803,0x0803,0x0803,0x0803,
  0x1003,0x1003,0x1003,0x1003,0x0803,0x0803,0x0803,0x0803,0x1004,0x1004,0x1004,0x0803,
  0x0803,0x0803,0x0803,0x0803,0x0803,0x0803,0x1003,0x0803,0x0803,0x0803,0x0803,0x0803,
  0x0803,0x0803,0x0803,0x0803,0x0803,0x0802,0x0802,0x0802,0x0802,0x0802,0x0802,0x0001,
  0x0001,0x0001,0x0001,0x0001,0x0001,0x0000,0x0001,0x0001,0x0802,0x0803,0x0802,0x0000,
  0x0000,0x0000,0x0000,0x0000,0x0000,0x0000,0x0000,0x0000,0x0000,0x0000,0x0000,0x0000,
  0x0000,0x0000,0x0000,0x0000,0x0000,0x0000,0x0000,0x0000,0x0000,0x0000,0x0000,0x0000,
  0x0000,0x0000,0x0000,0x0000,0x0000,0x0000,0x0000,0x0000,0x0000,0x0000,0x0000,0x0000,
  0x0000,0x0000,0x0000,0x0000,0x0000,0x0000,0x0000,0x0000,0x0000,0x0000,0x0000,0x0000,
  0x0000,0x0000,0x0000,0x0000,0x0000,0x0000,0x0000,0x0000,0x0000,0x0000,0x0000,0x0000,
  0x0000,0x0000,0x0000,0x0000,0x0000,0x0000,0x0000,0x0000,0x0000,0x0000,0x0000,0x0000,
  0x0000,0x0000,0x0000,0x0000,0x0000,0x0000,0x0000,0x0000,0x0000,0x0000,0x0000,0x0000,
  0x0000,0x0000,0x0000,0x0000,0x0000,0x0000,0x0000,0x0000,0x0000,0x0000,0x0000,0x0000,
  0x0000,0x0000,0x0000,0x0802,0x0803,0x0803,0x0802,0x0001,0x0001,0x0001,0x0001,0x0001,
  0x0001,0x0001,0x0001,0x0802,0x0802,0x0802,0x0802,0x0802,0x0802,0x0802,0x0802,0x0802,
  0x0803,0x0803,0x0803,0x0803,0x0803,0x0803,0x0803,0x0803,0x0803,0x1003,0x0803,0x0803,
  0x0803,0x0803,0x0803,0x0803,0x0803,0x0803,0x0803,0x0803,0x0802,0x0802,0x0802,0x0802,
  0x0802,0x0802,0x0802,0x0802,0x0802,0x0802,0x0802,0x0802,0x0001,0x0001,0x0001,0x0001,
  0x0001,0x0001,0x0000,0x0000,0x0001,0x0802,0x0803,0x0803,0x0002,0x0000,0x0000,0x0000,
  0x0000,0x0000,0x0000,0x0000,0x0000,0x0000,0x0000,0x0000,0x0000,0x0000,0x0000,0x0000,
  0x0000,0x0000,0x0000,0x0000,0x0000,0x0000,0x0000,0x0000,0x0000,0x0000,0x0000,0x0000,
  0x0000,0x0000,0x0000,0x0000,0x0000,0x0000,0x0000,0x0000,0x0000,0x0000,0x0000,0x0000,
  0x0000,0x0000,0x0000,0x0000,0x0000,0x0000,0x0000,0x0000,0x0000,0x0000,0x0000,0x0000,
  0x0000,0x0000,0x0000,0x0000,0x0000,0x0000,0x0000,0x0000,0x0000,0x0000,0x0000,0x0000,
  0x0000,0x0000,0x0000,0x0000,0x0000,0x0000,0x0000,0x0000,0x0000,0x0000,0x0000,0x0000,
  0x0000,0x0000,0x0000,0x0000,0x0000,0x0000,0x0000,0x0000,0x0000,0x0000,0x0000,0x0000,
  0x0000,0x0000,0x0000,0x0000,0x0000,0x0000,0x0000,0x0000,0x0000,0x0000,0x0000,0x0000,
  0x0000,0x0000,0x0000,0x0000,0x0000,0x0001,0x0803,0x0803,0x0803,0x0802,0x0001,0x0000,
  0x0001,0x0001,0x0001,0x0001,0x0001,0x0001,0x0001,0x0001,0x0802,0x0802,0x0802,0x0802,
  0x0802,0x0802,0x0802,0x0802,0x0802,0x0802,0x0802,0x0802,0x0802,0x0803,0x0802,0x0802,
  0x0802,0x0802,0x0802,0x0802,0x0802,0x0802,0x0802,0x0802,0x0802,0x0802,0x0802,0x0802,
  0x0802,0x0002,0x0002,0x0001,0x0001,0x0001,0x0001,0x0001,0x0001,0x0001,0x0001,0x0000,
  0x0000,0x0001,0x0002,0x0802,0x0803,0x0802,0x0001,0x0000,0x0000,0x0000,0x0000,0x0000,
  0x0000,0x0000,0x0000,0x0000,0x0000,0x0000,0x0000,0x0000,0x0000,0x0000,0x0000,0x0000,
  0x0000,0x0000,0x0000,0x0000,0x0000,0x0000,0x0000,0x0000,0x0000,0x0000,0x0000,0x0000,
  0x0000,0x0000,0x0000,0x0000,0x0000,0x0000,0x0000,0x0000,0x0000,0x0000,0x0000,0x0000,
  0x0000,0x0000,0x0000,0x0000,0x0000,0x0000,0x0000,0x0000,0x0000,0x0000,0x0000,0x0000,
  0x0000,0x0000,0x0000,0x0000,0x0000,0x0000,0x0000,0x0000,0x0000,0x0000,0x0000,0x0000,
  0x0000,0x0000,0x0000,0x0000,0x0000,0x0000,0x0000,0x0000,0x0000,0x0000,0x0000,0x0000,
  0x0000,0x0000,0x0000,0x0000,0x0000,0x0000,0x0000,0x0000,0x0000,0x0000,0x0000,0x0000,
  0x0000,0x0000,0x0000,0x0000,0x0000,0x0000,0x0000,0x0000,0x0000,0x0000,0x0000,0x0000,
  0x0000,0x0000,0x0000,0x0000,0x0000,0x0000,0x0000,0x0000,0x0002,0x0803,0x0803,0x0803,
  0x0802,0x0001,0x0001,0x0000,0x0001,0x0001,0x0001,0x0001,0x0001,0x0001,0x0001,0x0001,
  0x0001,0x0001,0x0002,0x0002,0x0002,0x0002,0x0802,0x0802,0x0802,0x0802,0x0802,0x0802,
  0x0802,0x0802,0x0802,0x0002,0x0802,0x0802,0x0002,0x0802,0x0002,0x0001,0x0001,0x0001,
  0x0001,0x0001,0x0001,0x0001,0x0001,0x0001,0x0001,0x0000,0x0000,0x0000,0x0001,0x0002,
  0x0802,0x0803,0x0802,0x0001,0x0000,0x0000,0x0000,0x0000,0x0000,0x0000,0x0000,0x0000,
  0x0000,0x0000,0x0000,0x0000,0x0000,0x0000,0x0000,0x0000,0x0000,0x0000,0x0000,0x0000,
  0x0000,0x0000,0x0000,0x0000,0x0000,0x0000,0x0000,0x0000,0x0000,0x0000,0x0000,0x0000,
  0x0000,0x0000,0x0000,0x0000,0x0000,0x0000,0x0000,0x0000,0x0000,0x0000,0x0000,0x0000,
  0x0000,0x0000,0x0000,0x0000,0x0000,0x0000,0x0000,0x0000,0x0000,0x0000,0x0000,0x0000,
  0x0000,0x0000,0x0000,0x0000,0x0000,0x0000,0x0000,0x0000,0x0000,0x0000,0x0000,0x0000,
  0x0000,0x0000,0x0000,0x0000,0x0000,0x0000,0x0000,0x0000,0x0000,0x0000,0x0000,0x0000,
  0x0000,0x0000,0x0000,0x0000,0x0000,0x0000,0x0000,0x0000,0x0000,0x0000,0x0000,0x0000,
  0x0000,0x0000,0x0000,0x0000,0x0000,0x0000,0x0000,0x0000,0x0000,0x0000,0x0000,0x0000,
  0x0000,0x0000,0x0000,0x0000,0x0000,0x0000,0x0000,0x0000,0x0000,0x0000,0x0000,0x0802,
  0x0803,0x0803,0x0803,0x0802,0x0002,0x0001,0x0001,0x0000,0x0000,0x0001,0x0001,0x0001,
  0x0001,0x0001,0x0001,0x0001,0x0001,0x0001,0x0001,0x0001,0x0001,0x0801,0x0001,0x0001,
  0x0001,0x0001,0x0001,0x0001,0x0001,0x0001,0x0001,0x0001,0x0001,0x0001,0x0001,0x0001,
  0x0001,0x0001,0x0001,0x0000,0x0000,0x0000,0x0001,0x0001,0x0802,0x0803,0x0803,0x0802,
  0x0001,0x0000,0x0000,0x0000,0x0000,0x0000,0x0000,0x0000,0x0000,0x0000,0x0000,0x0000,
  0x0000,0x0000,0x0000,0x0000,0x0000,0x0000,0x0000,0x0000,0x0000,0x0000,0x0000,0x0000,
  0x0000,0x0000,0x0000,0x0000,0x0000,0x0000,0x0000,0x0000,0x0000,0x0000,0x0000,0x0000,
  0x0000,0x0000,0x0000,0x0000,0x0000,0x0000,0x0000,0x0000,0x0000,0x0000,0x0000,0x0000,
  0x0000,0x0000,0x0000,0x0000,0x0000,0x0000,0x0000,0x0000,0x0000,0x0000,0x0000,0x0000,
  0x0000,0x0000,0x0000,0x0000,0x0000,0x0000,0x0000,0x0000,0x0000,0x0000,0x0000,0x0000,
  0x0000,0x0000,0x0000,0x0000,0x0000,0x0000,0x0000,0x0000,0x0000,0x0000,0x0000,0x0000,
  0x0000,0x0000,0x0000,0x0000,0x0000,0x0000,0x0000,0x0000,0x0000,0x0000,0x0000,0x0000,
  0x0000,0x0000,0x0000,0x0000,0x0000,0x0000,0x0000,0x0000,0x0000,0x0000,0x0000,0x0000,
  0x0000,0x0000,0x0000,0x0000,0x0000,0x0000,0x0000,0x0000,0x0000,0x0000,0x0000,0x0000,
  0x0000,0x0000,0x0001,0x0802,0x0803,0x0803,0x0803,0x0802,0x0802,0x0001,0x0001,0x0001,
  0x0000,0x0000,0x0000,0x0000,0x0000,0x0001,0x0001,0x0001,0x0001,0x0001,0x0001,0x0001,
  0x0001,0x0001,0x0001,0x0001,0x0001,0x0001,0x0001,0x0000,0x0000,0x0000,0x0000,0x0000,
  0x0001,0x0001,0x0001,0x0002,0x0802,0x0803,0x0803,0x0803,0x0802,0x0001,0x0000,0x0000,
  0x0000,0x0000,0x0000,0x0000,0x0000,0x0000,0x0000,0x0000,0x0000,0x0000,0x0000,0x0000,
  0x0000,0x0000,0x0000,0x0000,0x0000,0x0000,0x0000,0x0000,0x0000,0x0000,0x0000,0x0000,
  0x0000,0x0000,0x0000,0x0000,0x0000,0x0000,0x0000,0x0000,0x0000,0x0000,0x0000,0x0000,
  0x0000,0x0000,0x0000,0x0000,0x0000,0x0000,0x0000,0x0000,0x0000,0x0000,0x0000,0x0000,
  0x0000,0x0000,0x0000,0x0000,0x0000,0x0000,0x0000,0x0000,0x0000,0x0000,0x0000,0x0000,
  0x0000,0x0000,0x0000,0x0000,0x0000,0x0000,0x0000,0x0000,0x0000,0x0000,0x0000,0x0000,
  0x0000,0x0000,0x0000,0x0000,0x0000,0x0000,0x0000,0x0000,0x0000,0x0000,0x0000,0x0000,
  0x0000,0x0000,0x0000,0x0000,0x0000,0x0000,0x0000,0x0000,0x0000,0x0000,0x0000,0x0000,
  0x0000,0x0000,0x0000,0x0000,0x0000,0x0000,0x0000,0x0000,0x0000,0x0000,0x0000,0x0000,
  0x0000,0x0000,0x0000,0x0000,0x0000,0x0000,0x0000,0x0000,0x0000,0x0000,0x0000,0x0000,
  0x0000,0x0000,0x0000,0x0000,0x0000,0x0000,0x0001,0x0802,0x0802,0x0803,0x0803,0x0803,
  0x0803,0x0802,0x0802,0x0002,0x0001,0x0001,0x0001,0x0001,0x0001,0x0001,0x0001,0x0001,
  0x0001,0x0001,0x0001,0x0001,0x0001,0x0001,0x0001,0x0001,0x0002,0x0802,0x0802,0x0802,
  0x0803,0x0803,0x0803,0x0802,0x0001,0x0001,0x0000,0x0000,0x0000,0x0000,0x0000,0x0000,
  0x0000,0x0000,0x0000,0x0000,0x0000,0x0000,0x0000,0x0000,0x0000,0x0000,0x0000,0x0000,
  0x0000,0x0000,0x0000,0x0000,0x0000,0x0000,0x0000,0x0000,0x0000,0x0000,0x0000,0x0000,
  0x0000,0x0000,0x0000,0x0000,0x0000,0x0000,0x0000,0x0000,0x0000,0x0000,0x0000,0x0000,
  0x0000,0x0000,0x0000,0x0000,0x0000,0x0000,0x0000,0x0000,0x0000,0x0000,0x0000,0x0000,
  0x0000,0x0000,0x0000,0x0000,0x0000,0x0000,0x0000,0x0000,0x0000,0x0000,0x0000,0x0000,
  0x0000,0x0000,0x0000,0x0000,0x0000,0x0000,0x0000,0x0000,0x0000,0x0000,0x0000,0x0000,
  0x0000,0x0000,0x0000,0x0000,0x0000,0x0000,0x0000,0x0000,0x0000,0x0000,0x0000,0x0000,
  0x0000,0x0000,0x0000,0x0000,0x0000,0x0000,0x0000,0x0000,0x0000,0x0000,0x0000,0x0000,
  0x0000,0x0000,0x0000,0x0000,0x0000,0x0000,0x0000,0x0000,0x0000,0x0000,0x0000,0x0000,
  0x0000,0x0000,0x0000,0x0000,0x0000,0x0000,0x0000,0x0000,0x0000,0x0000,0x0000,0x0000,
  0x0000,0x0000,0x0000,0x0000,0x0000,0x0000,0x0000,0x0000,0x0000,0x0000,0x0000,0x0001,
  0x0001,0x0802,0x0802,0x0802,0x0803,0x0803,0x0803,0x0803,0x0803,0x0803,0x0803,0x0803,
  0x0803,0x0803,0x0803,0x0803,0x0803,0x0803,0x0803,0x0803,0x0802,0x0002,0x0001,0x0001,
  0x0001,0x0000,0x0000,0x0000,0x0000,0x0000,0x0000,0x0000,0x0000,0x0000,0x0000,0x0000,
  0x0000,0x0000,0x0000,0x0000,0x0000,0x0000,0x0000,0x0000,0x0000,0x0000,0x0000,0x0000,
  0x0000,0x0000,0x0000,0x0000,0x0000,0x0000,0x0000,0x0000,0x0000,0x0000,0x0000,0x0000,
  0x0000,0x0000,0x0000,0x0000,0x0000,0x0000,0x0000,0x0000,0x0000,0x0000,0x0000,0x0000,
  0x0000,0x0000,0x0000,0x0000,0x0000,0x0000,0x0000,0x0000,0x0000,0x0000,0x0000,0x0000,
  0x0000,0x0000,0x0000,0x0000,0x0000,0x0000,0x0000,0x0000,0x0000,0x0000,0x0000,0x0000,
  0x0000,0x0000,0x0000,0x0000,0x0000,0x0000,0x0000,0x0000,0x0000,0x0000,0x0000,0x0000,
  0x0000,0x0000,0x0000,0x0000,0x0000,0x0000,0x0000,0x0000,0x0000,0x0000,0x0000,0x0000,
  0x0000,0x0000,0x0000,0x0000,0x0000,0x0000,0x0000,0x0000,0x0000,0x0000,0x0000,0x0000,
  0x0000,0x0000,0x0000,0x0000,0x0000,0x0000,0x0000,0x0000,0x0000,0x0000,0x0000,0x0000,
  0x0000,0x0000,0x0000,0x0000,0x0000,0x0000,0x0000,0x0000,0x0000,0x0000,0x0000,0x0000,
  0x0000,0x0000,0x0000,0x0000,0x0000,0x0000,0x0000,0x0000,0x0000,0x0000,0x0000,0x0000,
  0x0000,0x0000,0x0000,0x0000,0x0000,0x0000,0x0000,0x0000,0x0000,0x0000,0x0000,0x0000,
  0x0000,0x0000,0x0000,0x0000,0x0000,0x0000,0x0000,0x0000,0x0000,0x0000,0x0000,0x0000,
  0x0000,0x0000,0x0000,0x0000,0x0000,0x0000,0x0000,0x0000,0x0000,0x0000,0x0000,0x0000,
  0x0000,0x0000,0x0000,0x0000,0x0000,0x0000,0x0000,0x0000,0x0000,0x0000,0x0000,0x0000,
  0x0000,0x0000,0x0000,0x0000,0x0000,0x0000,0x0000,0x0000,0x0000,0x0000,0x0000,0x0000,
  0x0000,0x0000,0x0000,0x0000,0x0000,0x0000,0x0000,0x0000,0x0000,0x0000,0x0000,0x0000,
  0x0000,0x0000,0x0000,0x0000,0x0000,0x0000,0x0000,0x0000,0x0000,0x0000,0x0000,0x0000,
  0x0000,0x0000,0x0000,0x0000,0x0000,0x0000,0x0000,0x0000,0x0000,0x0000,0x0000,0x0000,
  0x0000,0x0000,0x0000,0x0000,0x0000,0x0000,0x0000,0x0000,0x0000,0x0000,0x0000,0x0000,
  0x0000,0x0000,0x0000,0x0000,0x0000,0x0000,0x0000,0x0000,0x0000,0x0000,0x0000,0x0000,
  0x0000,0x0000,0x0000,0x0000,0x0000,0x0000,0x0000,0x0000,0x0000,0x0000,0x0000,0x0000,
  0x0000,0x0000,0x0000,0x0000,0x0000,0x0000,0x0000,0x0000,0x0000,0x0000,0x0000,0x0000,
  0x0000,0x0000,0x0000,0x0000,0x0000,0x0000,0x0000,0x0000,0x0000,0x0000,0x0000,0x0000,
  0x0000,0x0000,0x0000,0x0000,0x0000,0x0000,0x0000,0x0000,0x0000,0x0000,0x0000,0x0000,
  0x0000,0x0000,0x0000,0x0000,0x0000,0x0000,0x0000,0x0000,0x0000,0x0000,0x0000,0x0000,
  0x0000,0x0000,0x0000,0x0000,0x0000,0x0000,0x0000,0x0000,0x0000,0x0000,0x0000,0x0000,
  0x0000,0x0000,0x0000,0x0000,0x0000,0x0000,0x0000,0x0000,0x0000,0x0000,0x0000,0x0000,
  0x0000,0x0000,0x0000,0x0000,0x0000,0x0000,0x0000,0x0000,0x0000,0x0000,0x0000,0x0000,
  0x0000,0x0000,0x0000,0x0000,0x0000,0x0000,0x0000,0x0000,0x0000,0x0000,0x0000,0x0000,
  0x0000,0x0000,0x0000,0x0000,0x0000,0x0000,0x0000,0x0000,0x0000,0x0000,0x0000,0x0000,
  0x0000,0x0000,0x0000,0x0000,0x0000,0x0000,0x0000,0x0000,0x0000,0x0000,0x0000,0x0000,
  0x0000,0x0000,0x0000,0x0000,0x0000,0x0000,0x0000,0x0000,0x0000,0x0000,0x0000,0x0000,
};
}  // namespace geass_img
